Name,Study Type,Fault No,Initial pos seq iq (pu),Initial neg seq iq (pu),Initial V (pu),Last iq (pu),Last V (pu),Last Saturation Point Current (pu),Saturated,Grouped By,Delta iq pos seq (pu),Delta iq neg seq (pu),ABS(Delta neq2pos seq iq),Delta V (pu),Excluded By Voltage Range,Last pos seq iq (pu),Included By Voltage Range
Test 1,Faults,1,-0.059800249276801304,,1.017078389913137,,0.2525308917038651,1.4018128041143771,True,,1.0319958980666855,,,-0.7645474982092719,,0.9721956487898841,True
Test 2,Faults,1,-0.3055719349508938,,0.9907632253228199,,0.25249421847234405,1.4536122273959424,True,,1.2745995481356218,,,-0.7382690068504758,,0.9690276131847281,True
Test 3,Faults,1,0.21424295010805422,,1.0360761768942621,,0.25302970855388673,1.33831332005403,True,,0.762825760240786,,,-0.7830464683403754,,0.9770687103488402,True
Test 4,Faults,1,-0.1625849255007304,,0.9954702521577183,,0.2525638661830752,1.405043489646915,True,,1.1392769716000413,,,-0.7429063859746432,,0.9766920460993109,True
Test 5,Faults,1,-0.4100085577343449,,0.9694106084371422,,0.25163544170543595,1.448520775878601,True,,1.3872652399114553,,,-0.7177751667317063,,0.9772566821771105,True
Test 6,Faults,1,0.10411046438181062,,1.0122186600557057,,0.252323262736036,1.3377473490213663,True,,0.8710568069528026,,,-0.7598953973196697,,0.9751672713346132,True
Test 7,Faults,1,-0.0518788927923145,,0.9822756262499049,,0.25138578512267407,1.3745168445305394,True,,1.0248913852061436,,,-0.7308898411272309,,0.9730124924138293,True
Test 8,Faults,1,-0.3058503411992819,,0.9734237746389374,,0.2510567647998721,1.447789220510019,True,,1.2811150984711195,,,-0.7223670098390653,,0.9752647572718377,True
Test 9,Faults,1,0.21859937222937023,,1.0180053383425147,,0.2513098808589999,1.3267337990210608,True,,0.7506967133146835,,,-0.7666954574835148,,0.9692960855440537,True
Test 10,Faults,1,-0.1635780055814108,,0.9942520416931472,,0.25124388591287744,1.3959725592877579,True,,1.1384220394895355,,,-0.7430081557802697,,0.9748440339081246,True
Test 11,Faults,1,-0.4109591742996029,,0.9681013248165257,,0.25094415110461793,1.4427481499656774,True,,1.3829606747498826,,,-0.7171571737119078,,0.9720015004502798,True
Test 12,Faults,1,0.10417573595210776,,1.01115628351089,,0.2519475283702352,1.329595553098394,True,,0.8648085387114255,,,-0.7592087551406548,,0.9689842746635332,True
Test 13,Faults,1,-0.05922745505694787,,1.0170321367291437,,0.25326874951003847,1.4095813392710392,True,,1.0499622114419374,,,-0.7637633872191052,,0.9907347563849894,True
Test 14,Faults,1,-0.30567001280378775,,0.9905923594630343,,0.25262326516804423,1.4543006373055634,True,,1.2889689701354146,,,-0.73796909429499,,0.9832989573316268,True
Test 15,Faults,1,0.2142533858386626,,1.0361995218308127,,0.25305719777068286,1.3396317663902502,True,,0.7705006546214411,,,-0.7831423240601298,,0.9847540404601037,True
Test 16,Faults,1,-0.16336214937801322,,0.9952311028997993,,0.2516793990788943,1.3977410223196989,True,,1.1327020881525396,,,-0.743551703820905,,0.9693399387745264,True
Test 17,Faults,1,-0.4093012957156536,,0.969805564914335,,0.25208659022062585,1.4513749408613559,True,,1.3826159224755799,,,-0.7177189746937092,,0.9733146267599262,True
Test 18,Faults,1,0.10375190503112959,,1.0118038146163737,,0.25262439155242045,1.3330426316692139,True,,0.8770700653717801,,,-0.7591794230639533,,0.9808219704029097,True
Test 19,Faults,1,-0.05183303219565822,,0.9821713841984747,,0.25142654966212635,1.3739345485186736,True,,1.022537774091327,,,-0.7307448345363483,,0.9707047418956688,True
Test 20,Faults,1,-0.31016520054641167,,0.9721854804723902,,0.250790905045984,1.4462804557691349,True,,1.2853463690315268,,,-0.7213945754264062,,0.9751811684851152,True
Test 21,Faults,1,0.22113493307390633,,1.0170706536812055,,0.2508394402707683,1.326235385806503,True,,0.7522907679481795,,,-0.7662312134104372,,0.9734257010220858,True
Test 22,Faults,1,-0.16295682868943964,,0.9943268284809177,,0.24996714772047884,1.3881657669570235,True,,1.1364532507663019,,,-0.7443596807604389,,0.9734964220768622,True
Test 23,Faults,1,-0.4101453159894692,,0.9685185559470655,,0.25108941104916,1.4429293576607796,True,,1.3838602836257057,,,-0.7174291448979055,,0.9737149676362366,True
Test 24,Faults,1,0.10695213570161503,,1.0113740379934768,,0.2522876632799307,1.3336284730970875,True,,0.8680370462228627,,,-0.7590863747135461,,0.9749891819244777,True
Test 25,Faults,1,-0.059816771444620234,,1.0170779725146755,,0.47393261941418985,1.4594365858600684,True,,1.04260215185881,,,-0.5431453531004856,,0.9827853804141897,True
Test 26,Faults,1,-0.3055762327733638,,0.9907614100966129,,0.4873983685498792,1.515954553055059,True,,1.289913255776555,,,-0.5033630415467336,,0.9843370230031911,True
Test 27,Faults,1,0.21426293369576668,,1.0360814459513241,,0.4583163756192516,1.3878298311735653,True,,0.7769991938153061,,,-0.5777650703320725,,0.9912621275110728,True
Test 28,Faults,1,-0.16466298700365106,,0.9950005879541743,,0.47502991560490687,1.4536298905998455,True,,1.1378925837908767,,,-0.5199706723492674,,0.9732295967872256,True
Test 29,Faults,1,-0.40923716293963375,,0.9696694380908506,,0.48765884814293037,1.5062579989581866,True,,1.3863048438699184,,,-0.48201058994792023,,0.9770676809302846,True
Test 30,Faults,1,0.10555430754643265,,1.0127169790673314,,0.4586220848358667,1.3826362023328402,True,,0.8711834447367511,,,-0.5540948942314647,,0.9767377522831838,True
Test 31,Faults,1,-0.05187712026223891,,0.9822721181164241,,0.4653459388047363,1.4301679172136756,True,,1.0274459677754293,,,-0.5169261793116878,,0.9755688475131904,True
Test 32,Faults,1,-0.30585633756236885,,0.973438789398811,,0.48288838757463526,1.506023263075357,True,,1.2830295338946123,,,-0.49055040182417575,,0.9771731963322434,True
Test 33,Faults,1,0.21859010746236895,,1.0180006670191148,,0.45258525959997964,1.3757617667403523,True,,0.760707602885121,,,-0.5654154074191352,,0.9792977103474899,True
Test 34,Faults,1,-0.16357575372832023,,0.9942533654020992,,0.4753268179890223,1.458166596890515,True,,1.144466386348895,,,-0.5189265474130769,,0.9808906326205747,True
Test 35,Faults,1,-0.4109317145596297,,0.9681031351763408,,0.4872370022692887,1.505406036472425,True,,1.3893659486226013,,,-0.48086613290705216,,0.9784342340629717,True
Test 36,Faults,1,0.10399522097450041,,1.0111143986158337,,0.45850705088556043,1.3810069693204026,True,,0.87316387232353,,,-0.5526073477302733,,0.9771590932980304,True
Test 37,Faults,1,-0.059233116859004196,,1.0170315385722208,,0.490993782506435,1.4638149847285225,True,,1.04621656908518,,,-0.5260377560657858,,0.9869834522261758,True
Test 38,Faults,1,-0.3056374831774278,,0.9905895158616963,,0.5104117901134219,1.520655431390854,True,,1.2946937726073542,,,-0.48017772574827444,,0.9890562894299263,True
Test 39,Faults,1,0.21426144103886094,,1.0362016722464387,,0.46794340742383417,1.3820125947189688,True,,0.7623750164584424,,,-0.5682582648226044,,0.9766364574973033,True
Test 40,Faults,1,-0.16331470605032755,,0.9952625044279649,,0.4948659826638714,1.4603860784696325,True,,1.1448208280253533,,,-0.5003965217640935,,0.9815061219750257,True
Test 41,Faults,1,-0.4092843617804124,,0.9697993028620757,,0.513462335887692,1.5120639078043434,True,,1.3830344325893982,,,-0.45633696697438375,,0.9737500708089858,True
Test 42,Faults,1,0.10363812854526123,,1.0117632046525005,,0.4717218448515949,1.3848569632312975,True,,0.8765688672124755,,,-0.5400413598009055,,0.9802069957577367,True
Test 43,Faults,1,-0.05181754909719395,,0.9821736346042135,,0.4828815381274292,1.4233480644244247,True,,1.0277006780954385,,,-0.4992920964767843,,0.9758831289982446,True
Test 44,Faults,1,-0.3101550093027103,,0.9721891013288702,,0.5087989649542235,1.5110212021119394,True,,1.2817169480297075,,,-0.46339013637464666,,0.9715619387269973,True
Test 45,Faults,1,0.22116568695325775,,1.0170808303328887,,0.46558513720021166,1.377282329951005,True,,0.7513098607419202,,,-0.551495693132677,,0.972475547695178,True
Test 46,Faults,1,-0.16295839855273708,,0.9943322463610103,,0.49344228950951213,1.4588327800648582,True,,1.1432260270634043,,,-0.5008899568514982,,0.9802676285106672,True
Test 47,Faults,1,-0.41018922069086966,,0.968512003165673,,0.512370083777875,1.5095825501446027,True,,1.3837808639841338,,,-0.456141919387798,,0.9735916432932641,True
Test 48,Faults,1,0.1094158946018913,,1.0121667600496933,,0.4701717031615072,1.3827230940673083,True,,0.8688423088880564,,,-0.5419950568881862,,0.9782582034899476,True
Test 49,Faults,1,-0.059818894620391354,,1.0170719203589527,,0.6508872647171552,1.4740985301101386,True,,0.889997297710506,,,-0.3661846556417975,,0.8301784030901146,True
Test 50,Faults,1,-0.3055732731950162,,0.9907634879875797,,0.6356744751030952,1.483484775227356,True,,0.9807733303761532,,,-0.3550890128844846,,0.675200057181137,True
Test 51,Faults,1,0.21424005486836634,,1.0360706215677984,,0.6589328097639279,1.422181048629726,True,,0.7697091861648939,,,-0.3771378118038705,,0.9839492410332602,True
Test 52,Faults,1,-0.1630159687854644,,0.9953088545985429,,0.6413545128934056,1.2226111867451488,True,,0.9439818854600956,,,-0.3539543417051373,,0.7809659166746312,True
Test 53,Faults,1,-0.4098843583856001,,0.9694120554154793,,0.6246023062665172,1.054121924549394,True,,1.0446197736247793,,,-0.344809749148962,,0.6347354152391792,True
Test 54,Faults,1,0.10412320343643737,,1.0122465962309926,,0.6578767509136705,1.3870211223305693,True,,0.846184330371094,,,-0.3543698453173221,,0.9503075338075313,True
Test 55,Faults,1,-0.0518805205604057,,0.9822721559912538,,0.6478480121139794,1.2979497443387031,True,,0.9014181175380213,,,-0.3344241438772745,,0.8495375969776156,True
Test 56,Faults,1,-0.3058670177798842,,0.9734280908334165,,0.6337256694658064,1.1198789733944992,True,,0.98420716185239,,,-0.3397024213676101,,0.6783401440725059,True
Test 57,Faults,1,0.2185848574277349,,1.0180044940168662,,0.6613583596545491,1.4277042686514478,True,,0.7614812109297269,,,-0.35664613436231707,,0.9800660683574618,True
Test 58,Faults,1,-0.1635994432228332,,0.9942470003998356,,0.6404763822797828,1.2293437895713002,True,,0.9495438853874516,,,-0.35377061812005284,,0.7859444421646185,True
Test 59,Faults,1,-0.4109617221105282,,0.9681007584280216,,0.6237099362112458,1.060272543557748,True,,1.0502386746628016,,,-0.34439082221677575,,0.6392769525522733,True
Test 60,Faults,1,0.10417645011123078,,1.0111739634655585,,0.6568518940310065,1.3948093728537332,True,,0.8504001853886295,,,-0.354322069434552,,0.9545766354998603,True
Test 61,Faults,1,-0.05921676197170057,,1.017028777167282,,0.6562827154244364,1.469257561864048,True,,0.8594951369314041,,,-0.3607460617428455,,0.8002783749597036,True
Test 62,Faults,1,-0.3056506854704046,,0.9905959178948753,,0.646289140135633,1.418325876192212,True,,0.9188658484481091,,,-0.34430677775924234,,0.6132151629777045,True
Test 63,Faults,1,0.2142932886754278,,1.0362017070028635,,0.6765528246169134,1.4133580999551698,True,,0.7262546366311116,,,-0.35964888238595016,,0.9405479253065393,True
Test 64,Faults,1,-0.16443620609583112,,0.9949193728908362,,0.6522580197836673,1.1355672263958487,True,,0.880386929164626,,,-0.34266135310716894,,0.7159507230687949,True
Test 65,Faults,1,-0.40926930653403537,,0.9697998776251805,,0.6373905149885675,0.9460716508992619,False,,0.9665309900970612,,,-0.332409362636613,,0.5572616835630259,True
Test 66,Faults,1,0.10383470888620343,,1.0118371510603035,,0.6666153813717538,1.3207113770536758,True,,0.7941123765625245,,,-0.3452217696885497,,0.8979470854487279,True
Test 67,Faults,1,-0.051819868505877255,,0.9821715943622614,,0.6599992818050264,1.2014991697683457,True,,0.8282826451795419,,,-0.322172312557235,,0.7764627766736646,True
Test 68,Faults,1,-0.31015158648601254,,0.9721872759740645,,0.6485915876606044,0.9976856680618359,False,,0.9008920717883284,,,-0.3235956883134601,,0.5907404853023158,True
Test 69,Faults,1,0.2202503794444602,,1.0176205021222735,,0.6811275065292256,1.3537365144602485,True,,0.6988234630228274,,,-0.3364929955930479,,0.9190738424672876,True
Test 70,Faults,1,-0.16286715346550654,,0.9943339613576799,,0.6509078991679135,1.145029594385891,True,,0.8866549944116024,,,-0.34342606218976646,,0.7237878409460959,True
Test 71,Faults,1,-0.4101921802692173,,0.9685087454914186,,0.6367982242185168,0.9535910143482909,False,,0.9723256900889325,,,-0.3317105212729018,,0.5621335098197152,True
Test 72,Faults,1,0.10559795489319418,,1.011004491690849,,0.6648168555594015,1.3328836649254858,True,,0.8002582562608056,,,-0.34618763613144743,,0.9058562111539998,True
Test 73,Faults,1,-0.059825437862086,,1.0170813995636063,,0.7631886093833997,0.9901330896971665,False,,0.2242236584132119,,,-0.2538927901802066,,0.1643982205511259,True
Test 74,Faults,1,-0.3055793467644948,,0.9907616336061839,,0.7503701247172271,0.9776611768347588,False,,0.29824699623364714,,,-0.24039150888895677,,-0.007332350530847639,True
Test 75,Faults,1,0.21423687653857562,,1.036077225377003,,0.7748176504253588,1.065291696656767,True,,0.15306216047394025,,,-0.2612595749516442,,0.36729903701251587,True
Test 76,Faults,1,-0.1628542213949006,,0.9953302048371704,,0.7579661237302158,0.29817784477322334,False,,0.24981329873334454,,,-0.23736408110695462,,0.08695907733844394,True
Test 77,Faults,1,-0.4122352158057804,,0.9689474744625347,,0.745437890613421,0.07434567584402031,False,,0.32858816399297053,,,-0.22350958384911368,,-0.08364705181280985,True
Test 78,Faults,1,0.09780476745275757,,1.010588468427624,,0.7696349261327583,0.5499286811356124,False,,0.19428237633418133,,,-0.24095354229486576,,0.2920871437869389,True
Test 79,Faults,1,-0.05187205359278509,,0.9822684988166892,,0.7686142682051226,0.37012423718748866,False,,0.19144888245802874,,,-0.21365423061156663,,0.13957682886524364,True
Test 80,Faults,1,-0.30585803610298573,,0.9734344488960432,,0.7592344594471129,0.14357284161510675,False,,0.24313270043403873,,,-0.21419998944893037,,-0.06272533566894699,True
Test 81,Faults,1,0.2185927067442221,,1.0180082186982045,,0.7842055838180975,0.5890096333426231,False,,0.0970797029269187,,,-0.233802634880107,,0.3156724096711408,True
Test 82,Faults,1,-0.1636139837599324,,0.9942433672610499,,0.7579323085321165,0.3067985859658783,False,,0.257428795663336,,,-0.23631105872893343,,0.09381481190340356,True
Test 83,Faults,1,-0.41093542046643017,,0.9681021163510541,,0.7445952562379853,0.10668873782300317,False,,0.3323322107509666,,,-0.22350686011306886,,-0.0786032097154636,True
Test 84,Faults,1,0.10408081712740658,,1.0111238738664454,,0.7689067790780745,0.5599477616457975,False,,0.1927745676740547,,,-0.24221709478837095,,0.2968553848014613,True
Test 85,Faults,1,-0.059223517530972325,,1.017034386575526,,0.7659233529407711,0.9832369041985146,False,,0.20710537361027684,,,-0.25111103363475495,,0.1478818560793045,True
Test 86,Faults,1,-0.30565858625781955,,0.9905960888554709,,0.7552873931981527,0.970089171413039,False,,0.27075820896404046,,,-0.23530869565731816,,-0.034900377293779115,True
Test 87,Faults,1,0.21427523524750727,,1.0361933081703036,,0.7758071398363063,1.059675623972383,True,,0.14571763224327203,,,-0.2603861683339973,,0.3599928674907793,True
Test 88,Faults,1,-0.16439731980988967,,0.994827136436386,,0.7625092919720686,0.2658846633031354,False,,0.22643553789450716,,,-0.23231784446431736,,0.062038218084617486,True
Test 89,Faults,1,-0.4093035347010123,,0.9697928738492473,,0.7514161927549542,0.04798915117990952,False,,0.28921051083943666,,,-0.2183766810942931,,-0.12009302386157561,True
Test 90,Faults,1,0.10378453759934517,,1.0117966396353335,,0.7719576707439455,0.5286849398849948,False,,0.17199674494268033,,,-0.239838968891388,,0.2757812825420255,True
Test 91,Faults,1,-0.051837870462869994,,0.9821721511718722,,0.7772944724676517,0.30650023349991695,False,,0.14080219724301699,,,-0.20487767870422047,,0.088964326780147,True
Test 92,Faults,1,-0.31016998734269563,,0.9721874048904895,,0.7686816139828714,0.11543574128294498,False,,0.18804626809949332,,,-0.2035057909076181,,-0.1221237192432023,True
Test 93,Faults,1,0.22114126399802386,,1.0170667997718956,,0.7910442851742774,0.5380842385591851,False,,0.05484224781926822,,,-0.22602251459761824,,0.2759835118172921,True
Test 94,Faults,1,-0.16288974920280408,,0.9943295723073546,,0.7614821064761716,0.27683438607779975,False,,0.23163391501866137,,,-0.232847465831183,,0.0687441658158573,True
Test 95,Faults,1,-0.41019840825147924,,0.9685067559992563,,0.7505073551014272,0.08612713994260125,False,,0.29556576783808053,,,-0.2179994008978291,,-0.11463264041339871,True
Test 96,Faults,1,0.1067992670460941,,1.0113961385253516,,0.7711677138821845,0.5400916135827107,False,,0.17463439837247763,,,-0.24022842464316707,,0.28143366541857173,True
Test 97,Faults,1,-0.059781719742798764,,1.017084514536674,,0.35981405226089747,1.4346908667046956,True,,1.0420273760082368,,,-0.6572704622757766,,0.982245656265438,True
Test 98,Faults,1,-0.30559103066510196,,0.9907663023113197,,0.3634211894848219,1.4794351934514314,True,,1.280957597432098,,,-0.6273451128264977,,0.9753665667669961,True
Test 99,Faults,1,0.2142555604853615,,1.0360809882283426,,0.354440790783497,1.3603246367224127,True,,0.7638199212109499,,,-0.6816401974448456,,0.9780754816963114,True
Test 100,Faults,1,-0.163005301435681,,0.995326225254616,,0.35872916291397255,1.4268496398622852,True,,1.1374344796658598,,,-0.6365970623406434,,0.9744291782301788,True
Test 101,Faults,1,-0.4101731617614008,,0.9693478432034743,,0.36213547824201725,1.4772802642315022,True,,1.3899736401314928,,,-0.6072123649614571,,0.9798004783700921,True
Test 102,Faults,1,0.10018880431976111,,1.0119843755326683,,0.35298755573265406,1.3567657345745845,True,,0.880644592629117,,,-0.6589968198000142,,0.9808333969488781,True
Test 103,Faults,1,-0.05181192911526644,,0.9822875483173213,,0.3514914254396228,1.3964287661077415,True,,1.0239044301658697,,,-0.6307961228776986,,0.9720925010506033,True
Test 104,Faults,1,-0.3058220321890002,,0.9734435611881053,,0.3578995766357777,1.476589750162122,True,,1.2832550537647014,,,-0.6155439845523276,,0.9774330215757012,True
Test 105,Faults,1,0.21861558557162244,,1.0180108126420504,,0.3470077473691768,1.35028793539352,True,,0.7523134666273327,,,-0.6710030652728736,,0.9709290521989551,True
Test 106,Faults,1,-0.1635794467673888,,0.9942447339513601,,0.3576494151044904,1.4205812809681329,True,,1.1328358996970482,,,-0.6365953188468698,,0.9692564529296593,True
Test 107,Faults,1,-0.41097006040082934,,0.9681105770461159,,0.3609918000717497,1.4731074153220234,True,,1.3821604819710758,,,-0.6071187769743662,,0.9711904215702465,True
Test 108,Faults,1,0.10399418512207874,,1.0110976298467451,,0.35256429829054764,1.3583554379273224,True,,0.8811917993639954,,,-0.6585333315561974,,0.9851859844860741,True
Test 109,Faults,1,-0.0592314183183873,,1.0170233378307514,,0.36729761349985024,1.4329933242567816,True,,1.0428362159029114,,,-0.6497257243309011,,0.9836047975845242,True
Test 110,Faults,1,-0.30569616003510247,,0.9905881715124042,,0.37024285062780526,1.485055997859974,True,,1.289595062500989,,,-0.6203453208845989,,0.9838989024658866,True
Test 111,Faults,1,0.21424212657320968,,1.0361938322693758,,0.36082257052256367,1.3604800527559264,True,,0.7676409684769121,,,-0.6753712617468122,,0.9818830950501217,True
Test 112,Faults,1,-0.16329626659044863,,0.9952633884809019,,0.36545598332480855,1.4282982907313793,True,,1.1415508671154513,,,-0.6298074051560933,,0.9782546005250027,True
Test 113,Faults,1,-0.4092454240235432,,0.969801354220061,,0.3696382139790986,1.4804861014644923,True,,1.3830943190138758,,,-0.6001631402409624,,0.9738488949903327,True
Test 114,Faults,1,0.10370878526137785,,1.0117898369595804,,0.35964568832704263,1.355727755715784,True,,0.8747395518358069,,,-0.6521441486325377,,0.9784483370971847,True
Test 115,Faults,1,-0.051804034761717445,,0.9821779266352824,,0.35604352202273504,1.3955713266224428,True,,1.019968480487494,,,-0.6261344046125473,,0.9681644457257765,True
Test 116,Faults,1,-0.31014286216375303,,0.9721907490050954,,0.3626927710913561,1.4693332498827436,True,,1.2839841394567735,,,-0.6094979779137393,,0.9738412772930205,True
Test 117,Faults,1,0.22009586371925013,,1.017637469526601,,0.3504202871025541,1.3472667230819932,True,,0.7495071944381122,,,-0.6672171824240469,,0.9696030581573624,True
Test 118,Faults,1,-0.16289381540609907,,0.9943314402107478,,0.3637101417748235,1.4213809651651494,True,,1.135516981722164,,,-0.6306212984359243,,0.9726231663160648,True
Test 119,Faults,1,-0.41017944121459055,,0.9685175469607563,,0.36821263611110655,1.4736141261533726,True,,1.3789468173884385,,,-0.6003049108496498,,0.968767376173848,True
Test 120,Faults,1,0.09933349904502871,,1.0095925931790115,,0.3582506395130501,1.3541404091960054,True,,0.8798986373404634,,,-0.6513419536659615,,0.9792321363854921,True
Test 1,Faults,1,-0.059800249276801304,,1.017078389913137,,0.5789627633430713,1.0770210337014836,True,,0.6903738797080828,,,-0.43811562657006575,,0.6305736304312816,True
Test 2,Faults,1,-0.3055719349508938,,0.9907632253228199,,0.586543557074501,1.082630633252914,True,,0.885962131384959,,,-0.4042196682483189,,0.5803901964340652,True
Test 3,Faults,1,0.21424295010805422,,1.0360761768942621,,0.5649386127794795,1.0591076187036923,True,,0.46439428415962564,,,-0.4711375641147826,,0.6786372342676799,True
Test 4,Faults,1,-0.1625849255007304,,0.9954702521577183,,0.5771437724887424,1.0693180056722205,True,,0.7768489630448341,,,-0.41832647966897596,,0.6142640375441037,True
Test 5,Faults,1,-0.4100085577343449,,0.9694106084371422,,0.5838416761894122,1.0735028124112542,True,,0.9765426259959515,,,-0.38556893224773003,,0.5665340682616067,True
Test 6,Faults,1,0.10411046438181062,,1.0122186600557057,,0.5623499430155183,1.0439212327033471,True,,0.5568126897922269,,,-0.4498687170401874,,0.6609231541740375,True
Test 7,Faults,1,-0.0518788927923145,,0.9822756262499049,,0.5731606041761796,1.0648325422723293,True,,0.6893783483244666,,,-0.4091150220737253,,0.6374994555321521,True
Test 8,Faults,1,-0.3058503411992819,,0.9734237746389374,,0.5888270447397554,1.087167287268979,True,,0.8924039753518689,,,-0.3845967298991819,,0.586553634152587,True
Test 9,Faults,1,0.21859937222937023,,1.0180053383425147,,0.563555091361207,1.057201429888309,True,,0.4561951455117501,,,-0.45445024698130776,,0.6747945177411203,True
Test 10,Faults,1,-0.1635780055814108,,0.9942520416931472,,0.5765277088001137,1.0681067338683492,True,,0.7774704744978358,,,-0.41772433289303346,,0.613892468916425,True
Test 11,Faults,1,-0.4109591742996029,,0.9681013248165257,,0.5840423140873756,1.0699021448068462,True,,0.971085987057771,,,-0.38405901072915005,,0.5601268127581681,True
Test 12,Faults,1,0.10417573595210776,,1.01115628351089,,0.5625828535498821,1.04759001713713,True,,0.5592900305835724,,,-0.4485734299610079,,0.6634657665356801,True
Test 13,Faults,1,-0.05922745505694787,,1.0170321367291437,,0.5881449300422115,1.0709726646295588,True,,0.6798511889672169,,,-0.42888720668693225,,0.620623733910269,True
Test 14,Faults,1,-0.30567001280378775,,0.9905923594630343,,0.6005234632321766,1.0750596485545698,True,,0.8707566671051574,,,-0.3900688962308576,,0.5650866543013696,True
Test 15,Faults,1,0.2142533858386626,,1.0361995218308127,,0.5681942496586517,1.05404752677124,True,,0.4587804658757222,,,-0.4680052721721609,,0.6730338517143848,True
Test 16,Faults,1,-0.16336214937801322,,0.9952311028997993,,0.5879864314613289,1.0598552207068745,True,,0.769122160233508,,,-0.40724467143847043,,0.6057600108554948,True
Test 17,Faults,1,-0.4093012957156536,,0.969805564914335,,0.600976163810494,1.058826618911942,True,,0.9493814688748266,,,-0.368829401103841,,0.540080173159173,True
Test 18,Faults,1,0.10375190503112959,,1.0118038146163737,,0.5685664869118833,1.0434796646495814,True,,0.5522933493167399,,,-0.4432373277044904,,0.6560452543478695,True
Test 19,Faults,1,-0.05183303219565822,,0.9821713841984747,,0.5879242948378126,1.0635102726055332,True,,0.6797213213825498,,,-0.3942470893606621,,0.6278882891868915,True
Test 20,Faults,1,-0.31016520054641167,,0.9721854804723902,,0.6087393489508742,1.0745947236127402,True,,0.8735617039921109,,,-0.36344613152151595,,0.5633965034456992,True
Test 21,Faults,1,0.22113493307390633,,1.0170706536812055,,0.5724595182654143,1.0592399672757533,True,,0.46311113966541384,,,-0.4446111354157912,,0.6842460727393201,True
Test 22,Faults,1,-0.16295682868943964,,0.9943268284809177,,0.588538561999374,1.0564124967475255,True,,0.7645023485069851,,,-0.40578826648154365,,0.6015455198175454,True
Test 23,Faults,1,-0.4101453159894692,,0.9685185559470655,,0.5992754237967785,1.0674426661699519,True,,0.9606273004156054,,,-0.36924313215028703,,0.5504819844261363,True
Test 24,Faults,1,0.10695213570161503,,1.0113740379934768,,0.5679547929778215,1.040893317302031,True,,0.5491146334940685,,,-0.44341924501565533,,0.6560667691956835,True
Test 25,Faults,1,-0.059816771444620234,,1.0170779725146755,,0.68374999300567,1.1106221518510668,True,,0.688628603488755,,,-0.3333279795090055,,0.6288118320441347,True
Test 26,Faults,1,-0.3055762327733638,,0.9907614100966129,,0.6843894527147122,1.0822946557956805,True,,0.8337064520996615,,,-0.3063719573819007,,0.5281302193262978,True
Test 27,Faults,1,0.21426293369576668,,1.0360814459513241,,0.6702606005761537,1.104362526862744,True,,0.4759360606674353,,,-0.36582084537517046,,0.690198994363202,True
Test 28,Faults,1,-0.16466298700365106,,0.9950005879541743,,0.6800924467213605,1.0973100776134064,True,,0.7719050002828542,,,-0.31490814123281385,,0.6072420132792032,True
Test 29,Faults,1,-0.40923716293963375,,0.9696694380908506,,0.6747035258068379,1.0372436062479027,True,,0.8925262188053578,,,-0.2949659122840127,,0.48328905586572407,True
Test 30,Faults,1,0.10555430754643265,,1.0127169790673314,,0.6685705699643394,1.0882613806034087,True,,0.5651769922134978,,,-0.344146409102992,,0.6707312997599305,True
Test 31,Faults,1,-0.05187712026223891,,0.9822721181164241,,0.6793910723938146,1.0816924505789183,True,,0.6701563019409813,,,-0.30288104572260954,,0.6182791816787424,True
Test 32,Faults,1,-0.30585633756236885,,0.973438789398811,,0.6845129471462494,1.0873578607644372,True,,0.8334280973222012,,,-0.28892584225256157,,0.5275717597598324,True
Test 33,Faults,1,0.21859010746236895,,1.0180006670191148,,0.6726103389677904,1.096749521672239,True,,0.4685164620885929,,,-0.3453903280513244,,0.6871065695509618,True
Test 34,Faults,1,-0.16357575372832023,,0.9942533654020992,,0.6799813062340331,1.0952297490040677,True,,0.7630819439161031,,,-0.3142720591680661,,0.5995061901877828,True
Test 35,Faults,1,-0.4109317145596297,,0.9681031351763408,,0.6729753602173552,1.0459027268669352,True,,0.9019264315530923,,,-0.2951277749589857,,0.4909947169934626,True
Test 36,Faults,1,0.10399522097450041,,1.0111143986158337,,0.6682423496237574,1.0890023023186144,True,,0.5707268771712266,,,-0.34287204899207635,,0.674722098145727,True
Test 37,Faults,1,-0.059233116859004196,,1.0170315385722208,,0.6978244440008474,1.1033357038502907,True,,0.6751467461676839,,,-0.3192070945713734,,0.6159136293086797,True
Test 38,Faults,1,-0.3056374831774278,,0.9905895158616963,,0.6929069457407322,1.1862414044191263,True,,0.7867630615355723,,,-0.2976825701209641,,0.4811255783581445,True
Test 39,Faults,1,0.21426144103886094,,1.0362016722464387,,0.6775799758264323,1.0968114265287057,True,,0.47229480135222557,,,-0.3586216964200064,,0.6865562423910865,True
Test 40,Faults,1,-0.16331470605032755,,0.9952625044279649,,0.6945064629870525,1.0861770201584635,True,,0.7467358710088579,,,-0.3007560414409124,,0.5834211649585302,True
Test 41,Faults,1,-0.4092843617804124,,0.9697993028620757,,0.6847884391444373,0.963769420252213,False,,0.834089318595989,,,-0.2850108637176384,,0.4248049568155766,True
Test 42,Faults,1,0.10363812854526123,,1.0117632046525005,,0.6800132988754986,1.0850999295548867,True,,0.555607999859691,,,-0.3317499057770019,,0.6592461284049522,True
Test 43,Faults,1,-0.05181754909719395,,0.9821736346042135,,0.6982553906281147,1.0770648800103872,True,,0.6566697671993478,,,-0.28391824397609877,,0.6048522181021538,True
Test 44,Faults,1,-0.3101550093027103,,0.9721891013288702,,0.6972365961485677,1.0016933510454893,True,,0.767945264601976,,,-0.27495250518030245,,0.4577902552992657,True
Test 45,Faults,1,0.22116568695325775,,1.0170808303328887,,0.6864467869371504,1.0897135154318016,True,,0.44994104175393534,,,-0.3306340433957382,,0.6711067287071931,True
Test 46,Faults,1,-0.16295839855273708,,0.9943322463610103,,0.6951388992697122,1.084125119747195,True,,0.7466770140029358,,,-0.2991933470912981,,0.5837186154501988,True
Test 47,Faults,1,-0.41018922069086966,,0.968512003165673,,0.6828426433111706,0.973584685166359,False,,0.8417444352726429,,,-0.28566935985450237,,0.4315552145817732,True
Test 48,Faults,1,0.1094158946018913,,1.0121667600496933,,0.6795058304749687,1.087267127534272,True,,0.5573970263676361,,,-0.3326609295747246,,0.6668129209695274,True
Test 49,Faults,1,-0.059800249276801304,,1.017078389913137,,0.7964063040456809,1.0701455348036448,True,,0.31255624389345993,,,-0.22067208586745612,,0.2527559946166586,True
Test 50,Faults,1,-0.3055719349508938,,0.9907632253228199,,0.7793077971095724,1.077218435785379,True,,0.3831448639726205,,,-0.21145542821324748,,0.07757292902172669,True
Test 51,Faults,1,0.21424295010805422,,1.0360761768942621,,0.8162719888922224,1.0771109949793467,True,,0.25530630188200504,,,-0.2198041880020397,,0.46954925199005926,True
Test 52,Faults,1,-0.1625849255007304,,0.9954702521577183,,0.7867145831810273,0.5639975047886632,False,,0.331149228682224,,,-0.20875566897669107,,0.16856430318149362,True
Test 53,Faults,1,-0.4100085577343449,,0.9694106084371422,,0.7731199826415179,0.5223986875308678,False,,0.4142595593532251,,,-0.19629062579562429,,0.004251001618880205,True
Test 54,Faults,1,0.10411046438181062,,1.0122186600557057,,0.8007433439486685,0.7334973581672682,False,,0.2719811453404759,,,-0.21147531610703718,,0.37609160972228656,True
Test 55,Faults,1,-0.051831603877412195,,0.9822832238055261,,0.8693696538358262,0.17112684839715275,False,,-0.0016017012832050953,,,-0.11291356996969992,,-0.05343330516061729,True
Test 56,Faults,1,-0.30583248078734054,,0.9734336824571195,,0.8513126835656398,0.28643422549745506,False,,-0.008411379018596288,,,-0.12212099889147965,,-0.31424385980593683,True
Test 57,Faults,1,0.21858985010773002,,1.0180029914437554,,0.9073591104280708,0.48155291480653667,False,,-0.0022277904318467323,,,-0.11064388101568456,,0.2163620596758833,True
Test 58,Faults,1,-0.16358926484686376,,0.9942439353128657,,0.8368784514320522,0.11289899870698801,False,,-0.00435074745152772,,,-0.1573654838808135,,-0.16794001229839148,True
Test 59,Faults,1,-0.41096020371815856,,0.968101377910462,,0.8146920108576711,0.3733238132032689,False,,0.028226142087920736,,,-0.15340936705279096,,-0.3827340616302378,True
Test 60,Faults,1,0.10398320251286265,,1.0111156733810645,,0.86107658879177,0.33058063147840744,False,,-0.000916903107558889,,,-0.1500390845892945,,0.10306629940530376,True
Test 61,Faults,1,-0.059234789664157204,,1.0170296461744723,,0.852000353717599,0.914374549619484,False,,-0.002795353918664034,,,-0.16502929245687337,,-0.06203014358282124,True
Test 62,Faults,1,-0.30565315607493826,,0.9905928898007527,,0.821447031563726,0.9975829076561666,False,,-0.00030308655826094544,,,-0.16914585823702666,,-0.3059562426331992,True
Test 63,Faults,1,0.21423425152125858,,1.0361897004516176,,0.8771703517774572,0.9596977622064692,False,,-0.0065990619158286246,,,-0.15901934867416045,,0.20763518960542995,True
Test 64,Faults,1,-0.16233302678015143,,0.9956666393347496,,0.8376277531130026,0.09387079637542249,False,,-0.0061460019417346745,,,-0.158038886221747,,-0.1684790287218861,True
Test 65,Faults,1,-0.4092987221692644,,0.9697938204200631,,0.8158721041441113,0.37370491701038633,False,,0.02240681325710442,,,-0.15392171627595186,,-0.38689190891215997,True
Test 66,Faults,1,0.10376887756956664,,1.0118142111107407,,0.8618238658775257,0.3232092848270594,False,,-0.001169155690766352,,,-0.14999034523321497,,0.10259972187880029,True
Test 67,Faults,1,-0.05183433827045076,,0.9821690955385087,,0.891433069372808,0.17483341514107104,False,,-0.001464495874395684,,,-0.09073602616570076,,-0.053298834144846444,True
Test 68,Faults,1,-0.3101522813435377,,0.9721884886369944,,0.8737516062548958,0.2812892523925862,False,,-0.00216219073438495,,,-0.09843688238209858,,-0.3123144720779226,True
Test 69,Faults,1,0.22113493307390633,,1.0170706536812055,,0.8463823673038441,0.825500149188929,False,,0.2194108628768258,,,-0.17068828637736144,,0.4405457959507321,True
Test 70,Faults,1,-0.16295682868943964,,0.9943268284809177,,0.7881151949088997,0.5317397090477023,False,,0.3136322436388017,,,-0.206211633572018,,0.15067541494936204,True
Test 71,Faults,1,-0.4101453159894692,,0.9685185559470655,,0.7753512310288778,0.4808956036764051,False,,0.38515291053755535,,,-0.19316732491818767,,-0.024992405451913852,True
Test 72,Faults,1,0.10695213570161503,,1.0113740379934768,,0.7997064948559319,0.7090304950657615,False,,0.2552184667437402,,,-0.21166754313754488,,0.36217060244535526,True
Test 73,Faults,1,-0.059800249276801304,,1.017078389913137,,0.7964063040456809,1.0701455348036448,True,,0.31255624389345993,,,-0.22067208586745612,,0.2527559946166586,True
Test 74,Faults,1,-0.3055719349508938,,0.9907632253228199,,0.7793077971095724,1.077218435785379,True,,0.3831448639726205,,,-0.21145542821324748,,0.07757292902172669,True
Test 75,Faults,1,0.21424295010805422,,1.0360761768942621,,0.8162719888922224,1.0771109949793467,True,,0.25530630188200504,,,-0.2198041880020397,,0.46954925199005926,True
Test 76,Faults,1,-0.1625849255007304,,0.9954702521577183,,0.7867145831810273,0.5639975047886632,False,,0.331149228682224,,,-0.20875566897669107,,0.16856430318149362,True
Test 77,Faults,1,-0.4100085577343449,,0.9694106084371422,,0.7731199826415179,0.5223986875308678,False,,0.4142595593532251,,,-0.19629062579562429,,0.004251001618880205,True
Test 78,Faults,1,0.10411046438181062,,1.0122186600557057,,0.8007433439486685,0.7334973581672682,False,,0.2719811453404759,,,-0.21147531610703718,,0.37609160972228656,True
Test 79,Faults,1,-0.0518788927923145,,0.9822756262499049,,0.805681734063719,0.6415027123796156,False,,0.30119315514532125,,,-0.17659389218618593,,0.24931426235300674,True
Test 80,Faults,1,-0.3058503411992819,,0.9734237746389374,,0.7943325490521272,0.5216948921566024,False,,0.3448414348174198,,,-0.17909122558681012,,0.03899109361813789,True
Test 81,Faults,1,0.21859937222937023,,1.0180053383425147,,0.8318982381016444,0.8517390251102287,False,,0.24392924521083878,,,-0.1861071002408703,,0.462528617440209,True
Test 82,Faults,1,-0.1635780055814108,,0.9942520416931472,,0.7854839781125731,0.5721892916295056,False,,0.33516599415108794,,,-0.2087680635805741,,0.1715879885696771,True
Test 83,Faults,1,-0.4109591742996029,,0.9681013248165257,,0.7717560333100607,0.5286703141889054,False,,0.4177273069539392,,,-0.19634529150646496,,0.0067681326543363495,True
Test 84,Faults,1,0.10417573595210776,,1.01115628351089,,0.7992602554064502,0.7397626356799984,False,,0.27607366958117313,,,-0.21189602810443986,,0.3802494055332809,True
Test 85,Faults,1,-0.059234789664157204,,1.0170296461744723,,0.852000353717599,0.914374549619484,False,,-0.002795353918664034,,,-0.16502929245687337,,-0.06203014358282124,True
Test 86,Faults,1,-0.30565315607493826,,0.9905928898007527,,0.821447031563726,0.9975829076561666,False,,-0.00030308655826094544,,,-0.16914585823702666,,-0.3059562426331992,True
Test 87,Faults,1,0.21423425152125858,,1.0361897004516176,,0.8771703517774572,0.9596977622064692,False,,-0.0065990619158286246,,,-0.15901934867416045,,0.20763518960542995,True
Test 88,Faults,1,-0.16233302678015143,,0.9956666393347496,,0.8376277531130026,0.09387079637542249,False,,-0.0061460019417346745,,,-0.158038886221747,,-0.1684790287218861,True
Test 89,Faults,1,-0.4092987221692644,,0.9697938204200631,,0.8158721041441113,0.37370491701038633,False,,0.02240681325710442,,,-0.15392171627595186,,-0.38689190891215997,True
Test 90,Faults,1,0.10376887756956664,,1.0118142111107407,,0.8618238658775257,0.3232092848270594,False,,-0.001169155690766352,,,-0.14999034523321497,,0.10259972187880029,True
Test 91,Faults,1,-0.05183433827045076,,0.9821690955385087,,0.891433069372808,0.17483341514107104,False,,-0.001464495874395684,,,-0.09073602616570076,,-0.053298834144846444,True
Test 92,Faults,1,-0.3101522813435377,,0.9721884886369944,,0.8737516062548958,0.2812892523925862,False,,-0.00216219073438495,,,-0.09843688238209858,,-0.3123144720779226,True
Test 93,Faults,1,0.22011753297984757,,1.017637739734026,,0.9304862826878415,0.4898413736672701,False,,-0.0039716512006605365,,,-0.08715145704618443,,0.21614588177918703,True
Test 94,Faults,1,-0.16293268882430856,,0.9943224092726619,,0.8361854760935641,0.11216559654364384,False,,-0.0025389450580379502,,,-0.15813693317909783,,-0.1654716338823465,True
Test 95,Faults,1,-0.41018368756613277,,0.9685129441340293,,0.8147019036271858,0.37400111810346015,False,,0.026867077975226306,,,-0.15381104050684358,,-0.38331660959090647,True
Test 96,Faults,1,0.1001251798191531,,1.0099555060716507,,0.8596992954233422,0.33022404277698836,False,,0.0032247372659769957,,,-0.15025621064830852,,0.1033499170851301,True
Test 97,Faults,1,-0.05985325146468773,,1.0170727924431653,,0.8174956474009374,0.9506111208087371,False,,0.12533980939331146,,,-0.1995771450422279,,0.06548655792862372,True
Test 98,Faults,1,-0.3055767474826417,,0.9907615116923054,,0.799848973384327,0.9809517772078953,False,,0.18361550909072416,,,-0.19091253830797839,,-0.12196123839191754,True
Test 99,Faults,1,0.21423721109960622,,1.0360767732392158,,0.8359942148090922,1.0163392078374514,True,,0.08657070345284354,,,-0.20008255843012357,,0.30080791455244976,True
Test 100,Faults,1,-0.16310116603868025,,0.9953019658290259,,0.8068839690582955,0.20653983770108872,False,,0.13822011633056236,,,-0.18841799677073034,,-0.024881049708117876,True
Test 101,Faults,1,-0.4100085577343449,,0.9694106084371422,,0.7414173122215211,1.0580452331277561,True,,0.7847691549995798,,,-0.22799329621562114,,0.37476059726523486,True
Test 102,Faults,1,0.10411046438181062,,1.0122186600557057,,0.7252263848482625,0.9882445029214703,False,,0.42451804499637213,,,-0.2869922752074432,,0.5286285093781827,True
Test 103,Faults,1,-0.0518788927923145,,0.9822756262499049,,0.7489038172504505,1.0330887573723273,True,,0.5608443753962824,,,-0.23337180899945442,,0.5089654826039679,True
Test 104,Faults,1,-0.3058503411992819,,0.9734237746389374,,0.7653628719722247,1.0757284641182145,True,,0.7382342377183908,,,-0.20806090266671262,,0.4323838965191089,True
Test 105,Faults,1,0.21859937222937023,,1.0180053383425147,,0.7324878434678362,0.9944140798001547,False,,0.3262209645532186,,,-0.2855174948746785,,0.5448203367825888,True
Test 106,Faults,1,-0.1635780055814108,,0.9942520416931472,,0.7388602997942111,1.0289123266014417,True,,0.6298361549779805,,,-0.2553917418989361,,0.46625814939656973,True
Test 107,Faults,1,-0.4109591742996029,,0.9681013248165257,,0.7430039391830617,1.0671276290365797,True,,0.7869850299116443,,,-0.22509738563346393,,0.37602585561204144,True
Test 108,Faults,1,0.10417573595210776,,1.01115628351089,,0.7248198636633858,0.9886265807572088,False,,0.4299509494029778,,,-0.28633641984750424,,0.5341266853550856,True
Test 109,Faults,1,-0.05922745505694787,,1.0170321367291437,,0.7437418591287495,1.0174819596945968,True,,0.5296117713793882,,,-0.27329027760039426,,0.4703843163224403,True
Test 110,Faults,1,-0.30567001280378775,,0.9905923594630343,,0.7535422104417461,1.0555123546164467,True,,0.6990530490962116,,,-0.23705014902128818,,0.3933830362924238,True
Test 111,Faults,1,0.2142533858386626,,1.0361995218308127,,0.7233765940631625,0.9964303997106176,False,,0.3379558599820769,,,-0.3128229277676502,,0.5522092458207395,True
Test 112,Faults,1,-0.16336214937801322,,0.9952311028997993,,0.7402052867034102,1.0164441722047994,True,,0.6141157111979598,,,-0.2550258161963891,,0.4507535618199466,True
Test 113,Faults,1,-0.4093012957156536,,0.969805564914335,,0.7471845983942661,1.0568943769205033,True,,0.7752036691027282,,,-0.2226209665200689,,0.36590237338707465,True
Test 114,Faults,1,0.10375190503112959,,1.0118038146163737,,0.7213135992884884,0.994722115576462,False,,0.4338701195588957,,,-0.2904902153278853,,0.5376220245900253,True
Test 115,Faults,1,-0.05183303219565822,,0.9821713841984747,,0.7600649435804857,1.03149277501324,True,,0.5595803008808149,,,-0.222106440617989,,0.5077472686851566,True
Test 116,Faults,1,-0.31016520054641167,,0.9721854804723902,,0.7834065984397395,1.079173241940734,True,,0.7381241156683952,,,-0.1887788820326507,,0.42795891512198353,True
Test 117,Faults,1,0.22113686323369824,,1.0170657134743792,,0.7352982576014175,0.968454343550512,False,,0.2988159639117131,,,-0.2817674558729617,,0.5199528271454114,True
Test 118,Faults,1,-0.16289651762980778,,0.9943273823006977,,0.7510749566326058,1.013007138195536,True,,0.594726329611313,,,-0.2432524256680919,,0.4318298119815052,True
Test 119,Faults,1,-0.41018106254881576,,0.9685104064954622,,0.7573995288403326,0.9741179781524691,False,,0.6425352424293,,,-0.2111108776551296,,0.23235417988048432,True
Test 120,Faults,1,0.10675197813119179,,1.0122094011660918,,0.7227733289534717,0.9733854801621108,False,,0.42525806826059837,,,-0.28943607221262013,,0.5320100463917902,True
Test 121,Faults,1,-0.059782716992024594,,1.0170860599042966,,0.7830611261362331,1.052195196845733,True,,0.510136864412361,,,-0.23402493376806344,,0.45035414742033636,True
Test 122,Faults,1,-0.3055785489651141,,0.9907611996167592,,0.8225951808989738,1.0514471908164906,True,,0.402301789981659,,,-0.16816601871778547,,0.09672324101654489,True
Test 123,Faults,1,0.21424295010805422,,1.0360761769400666,,0.7323664770170304,0.9880702247449141,False,,0.32793605307340074,,,-0.3037096999230362,,0.542179003181455,True
Test 124,Faults,1,-0.16307348754726395,,0.9950242235735574,,0.7727877802648321,1.0503446154456184,True,,0.5786324899856773,,,-0.22223644330872527,,0.4155590024384133,True
Test 125,Faults,1,-0.4105737599923501,,0.9686079171004354,,0.8027857524912356,0.648528418833208,False,,0.427701644123317,,,-0.16582216460919974,,0.017127884130966952,True
Test 126,Faults,1,0.10468886249892664,,1.0124246845846951,,0.7283922072961089,0.9775915777774244,False,,0.4212387614146751,,,-0.28403247728858627,,0.5259276239136017,True
Test 127,Faults,1,-0.051851211083965225,,0.9822730608486523,,0.7871156743572103,1.025041057511065,True,,0.496406180541713,,,-0.195157386491442,,0.44455496945774775,True
Test 128,Faults,1,-0.30583096239497093,,0.9734329140758243,,0.8268487902860645,0.7047892355235139,False,,0.38644487103661684,,,-0.14658412378975982,,0.08061390864164589,True
Test 129,Faults,1,0.21859937222937023,,1.0180053383599634,,0.7367629856736665,0.978716084521928,False,,0.31424779733191244,,,-0.28124235268629694,,0.5328471695612826,True
Test 130,Faults,1,-0.16358886594717342,,0.9942455681633408,,0.7733774159170345,1.0468181471628808,True,,0.574173769395389,,,-0.2208681522463063,,0.4105849034482155,True
Test 131,Faults,1,-0.4109529463173409,,0.9681022701429778,,0.7993030914628904,0.6466451366711152,False,,0.4278490568604928,,,-0.16879917868008742,,0.01689611054315188,True
Test 132,Faults,1,0.10401931580256968,,1.0111285013047018,,0.7283129966647099,0.9760735876453416,False,,0.4204784972080973,,,-0.28281550463999183,,0.524497813010667,True
Test 133,Faults,1,-0.05923350932482856,,1.0170344598975514,,0.7542554596321527,1.0272592784659897,True,,0.5269899259582868,,,-0.2627790002653987,,0.46775641663345824,True
Test 134,Faults,1,-0.3056972666600498,,0.9905943937147563,,0.7785375159406707,1.0449671710411452,True,,0.6019577504781741,,,-0.21205687777408566,,0.29626048381812425,True
Test 135,Faults,1,0.2142391283916662,,1.036194871903843,,0.7252893526025016,0.9807912353296724,False,,0.32832142877745757,,,-0.31090551930134136,,0.5425605571691238,True
Test 136,Faults,1,-0.16442658103233534,,0.994921841651184,,0.7499891148361091,1.010085135379716,True,,0.5949579359186128,,,-0.24493272681507494,,0.4305313548862774,True
Test 137,Faults,1,-0.4092972809832864,,0.9697936743007023,,0.7618817174108187,0.975293520992093,False,,0.638084834393849,,,-0.20791195688988362,,0.22878755341056256,True
Test 138,Faults,1,0.10383651036867589,,1.01183854734005,,0.7224382726486607,0.9748336401050531,False,,0.4191703957477758,,,-0.2894002746913893,,0.5230069061164517,True
Test 139,Faults,1,-0.0518325110525144,,0.9821741737503048,,0.769914483914644,0.9955346216236337,False,,0.5025752125066983,,,-0.2122596898356608,,0.450742701454184,True
Test 140,Faults,1,-0.3101623953808474,,0.9721854728858269,,0.7893299151833242,1.0538018887208933,True,,0.5919375961407354,,,-0.18285555770250272,,0.28177520075988793,True
Test 141,Faults,1,0.22113686323369824,,1.0170657134743792,,0.7352982576014175,0.968454343550512,False,,0.2988159639117131,,,-0.2817674558729617,,0.5199528271454114,True
Test 142,Faults,1,-0.16289651762980778,,0.9943273823006977,,0.7510749566326058,1.013007138195536,True,,0.594726329611313,,,-0.2432524256680919,,0.4318298119815052,True
Test 143,Faults,1,-0.41018106254881576,,0.9685104064954622,,0.7573995288403326,0.9741179781524691,False,,0.6425352424293,,,-0.2111108776551296,,0.23235417988048432,True
Test 144,Faults,1,0.10675197813119179,,1.0122094011660918,,0.7227733289534717,0.9733854801621108,False,,0.42525806826059837,,,-0.28943607221262013,,0.5320100463917902,True
Test 145,Faults,1,-0.059781719742798764,,1.017084514536674,,0.6273504888231085,1.0921056555161601,True,,0.6879261797372754,,,-0.3897340257135655,,0.6281444599944767,True
Test 146,Faults,1,-0.30559103066510196,,0.9907663023113197,,0.6319990972508349,1.0943003519604795,True,,0.875251906318709,,,-0.35876720506048476,,0.569660875653607,True
Test 147,Faults,1,0.2142555604853615,,1.0360809882283426,,0.6139761015152739,1.0750621992921887,True,,0.46603183172709983,,,-0.42210488671306867,,0.6802873922124614,True
Test 148,Faults,1,-0.163005301435681,,0.995326225254616,,0.6232758377667608,1.0764332443813573,True,,0.7655537322811138,,,-0.37205038748785524,,0.6025484308454327,True
Test 149,Faults,1,-0.4101731617614008,,0.9693478432034743,,0.6263898810086846,1.0833430281391214,True,,0.9585141100044716,,,-0.3429579621947897,,0.5483409482430709,True
Test 150,Faults,1,0.10018880431976111,,1.0119843755326683,,0.6117117007225432,1.0661751523561975,True,,0.5701022131238981,,,-0.4002726748101251,,0.6702910174436592,True
Test 151,Faults,1,-0.05181192911526644,,0.9822875483173213,,0.6212407923445388,1.0786188960220244,True,,0.683992070144568,,,-0.3610467559727826,,0.6321801410293015,True
Test 152,Faults,1,-0.3058220321890002,,0.9734435611881053,,0.6336154886976253,1.0909693456674896,True,,0.8710015915150213,,,-0.33982807249047997,,0.5651795593260212,True
Test 153,Faults,1,0.21861558557162244,,1.0180108126420504,,0.610786362837717,1.0692480747539177,True,,0.4515372839018623,,,-0.40722444980433337,,0.6701528694734847,True
Test 154,Faults,1,-0.1635794467673888,,0.9942447339513601,,0.6235027974752971,1.078452034948592,True,,0.7707204226153505,,,-0.370741936476063,,0.6071409758479617,True
Test 155,Faults,1,-0.41097006040082934,,0.9681105770461159,,0.6261714157729144,1.0847589580276562,True,,0.9582279059105241,,,-0.34193916127320156,,0.5472578455096948,True
Test 156,Faults,1,0.10399418512207874,,1.0110976298467451,,0.6099709020388765,1.0629195747278395,True,,0.5604281686064824,,,-0.4011267278078686,,0.6644223537285611,True
Test 157,Faults,1,-0.0592314183183873,,1.0170233378307514,,0.6379641125602856,1.0860198005656003,True,,0.6775466296465791,,,-0.37905922527046576,,0.6183152113281918,True
Test 158,Faults,1,-0.30569616003510247,,0.9905881715124042,,0.6450391718894033,1.086064888569869,True,,0.8566124561498871,,,-0.3455489996230009,,0.5509162961147847,True
Test 159,Faults,1,0.21424212657320968,,1.0361938322693758,,0.6201658488720606,1.0723738198474884,True,,0.46334489488394853,,,-0.41602798339731517,,0.6775870214571582,True
Test 160,Faults,1,-0.16329626659044863,,0.9952633884809019,,0.6354939509418713,1.0697762871558782,True,,0.7577970119930126,,,-0.35976943753903057,,0.594500745402564,True
Test 161,Faults,1,-0.4092454240235432,,0.969801354220061,,0.6415790031187159,1.0741846840117113,True,,0.9320289463134088,,,-0.3282223511013451,,0.5227835222898657,True
Test 162,Faults,1,0.10370878526137785,,1.0117898369595804,,0.6192608750057585,1.0646556010570836,True,,0.5595162002741249,,,-0.3925289619538218,,0.6632249855355027,True
Test 163,Faults,1,-0.051804034761717445,,0.9821779266352824,,0.6337811747657108,1.060160741496591,True,,0.6601931806084611,,,-0.34839675186957153,,0.6083891458467436,True
Test 164,Faults,1,-0.31014286216375303,,0.9721907490050954,,0.651803137759023,1.085413226526138,True,,0.8580401310093186,,,-0.3203876112460724,,0.5478972688455657,True
Test 165,Faults,1,0.22009586371925013,,1.017637469526601,,0.6210822972931319,1.0612575786744223,True,,0.4426664496463947,,,-0.39655517223346914,,0.6627623133656448,True
Test 166,Faults,1,-0.16289381540609907,,0.9943314402107478,,0.6348551120271284,1.0753557047295894,True,,0.7583745158027584,,,-0.3594763281836194,,0.5954807003966593,True
Test 167,Faults,1,-0.41017944121459055,,0.9685175469607563,,0.640884575567379,1.0763499986320892,True,,0.9358194970546585,,,-0.3276329713933773,,0.5256400558400679,True
Test 168,Faults,1,0.09933349904502871,,1.0095925931790115,,0.6180562070458404,1.061994846258333,True,,0.5618931277192281,,,-0.3915363861331711,,0.6612266267642568,True
CSR_5255_TOV_001_FL1068_X2R4.01518_P1_Q0_V1.0227,TOV,1,-0.05979715458726824,,1.0170845021826946,,1.2053940330899744,0.7716746619976437,False,,-0.041729958193558084,,,0.18830953090727975,,-0.10152711278082632,True
CSR_5255_TOV_002_FL1068_X2R4.01518_P1_Q-1_V1.0227,TOV,1,-0.3055837217933565,,0.9907571338203898,,1.1684390352876686,0.8999334335858339,False,,-0.0855022699338861,,,0.1776819014672788,,-0.3910859917272426,True
CSR_5255_TOV_003_FL1068_X2R4.01518_P1_Q1_V1.0227,TOV,1,0.21431434028489177,,1.036087693913455,,1.2096961233620644,0.8345694933637542,False,,-0.06397358930798666,,,0.17360842944860955,,0.1503407509769051,True
CSR_5255_TOV_004_FL1068_X2R4.01518_P0.05_Q0_V1.0227,TOV,1,-0.1627375625370763,,0.9954224740777311,,1.176822781123036,0.06709184869352877,False,,-0.000509871010636459,,,0.18140030704530496,,-0.16324743354771276,True
CSR_5255_TOV_005_FL1068_X2R4.01518_P0.05_Q-1_V1.0227,TOV,1,-0.412320940636006,,0.9689484133231298,,1.147908727910186,0.34733544420065354,False,,-0.01706299859262822,,,0.1789603145870563,,-0.4293839392286342,True
CSR_5255_TOV_006_FL1068_X2R4.01518_P0.05_Q1_V1.0227,TOV,1,0.10428248022246751,,1.0122881043607317,,1.1877020659197473,0.3917835305399523,False,,-4.541022603815614e-05,,,0.17541396155901556,,0.10423706999642936,True
CSR_5255_TOV_007_FL1068_X2R4.01518_P-1_Q0_V1.0227,TOV,1,-0.051794319624098056,,0.9822911657242389,,1.1480961677889885,0.8884053722316669,False,,-0.04682328958796943,,,0.16580500206474957,,-0.09861760921206748,True
CSR_5255_TOV_008_FL1068_X2R4.01518_P-1_Q-1_V1.0227,TOV,1,-0.3058408190776417,,0.973425784368817,,1.1469963309689353,0.9480108081218837,False,,-0.0396652469625316,,,0.17357054660011828,,-0.3455060660401733,True
CSR_5255_TOV_009_FL1068_X2R4.01518_P-1_Q1_V1.0227,TOV,1,0.21862055251615367,,1.018010355811003,,1.2029910572194364,0.9638613420207,False,,0.014315737822113123,,,0.18498070140843348,,0.2329362903382668,True
CSR_5255_TOV_010_FL1068_X2R4.01518_P-0.05_Q0_V1.0227,TOV,1,-0.16354924620051106,,0.994258749128998,,1.17152739695365,0.0429458467698618,False,,-0.012047040870409392,,,0.1772686478246519,,-0.17559628707092045,True
CSR_5255_TOV_011_FL1068_X2R4.01518_P-0.05_Q-1_V1.0227,TOV,1,-0.4108909495848241,,0.9681323916376068,,1.1452189042452017,0.3519819753522783,False,,-0.021529954531362083,,,0.1770865126075949,,-0.43242090411618617,True
CSR_5255_TOV_012_FL1068_X2R4.01518_P-0.05_Q1_V1.0227,TOV,1,0.10383543591305838,,1.0110985639435282,,1.1930783131688183,0.4232713318269328,False,,0.023716111416496904,,,0.18197974922529014,,0.1275515473295553,True
CSR_5255_TOV_013_FL510_X2R4.20848_P1_Q0_V1.0227,TOV,1,-0.05920258173109585,,1.0170342230826963,,1.194454477623957,0.7876459527147672,False,,-0.08569484841019304,,,0.17742025454126065,,-0.1448974301412889,True
CSR_5255_TOV_014_FL510_X2R4.20848_P1_Q-1_V1.0227,TOV,1,-0.30564697956360404,,0.9905958667280073,,1.1672044696603046,0.8807762600628617,False,,-0.08569780798854071,,,0.1766086029322973,,-0.39134478755214475,True
CSR_5255_TOV_015_FL510_X2R4.20848_P1_Q1_V1.0227,TOV,1,0.21426258626700415,,1.0361856845015966,,1.2136001344882539,0.8185675471327526,False,,-0.07252594719778557,,,0.17741444998665723,,0.14173663906921857,True
CSR_5255_TOV_016_FL510_X2R4.20848_P0.05_Q0_V1.0227,TOV,1,-0.16463341695563868,,0.9948304098263978,,1.1575853949971286,0.05775386023767388,False,,-0.045876758527604394,,,0.16275498517073084,,-0.21051017548324308,True
CSR_5255_TOV_017_FL510_X2R4.20848_P0.05_Q-1_V1.0227,TOV,1,-0.4092403284016925,,0.969793628938095,,1.1336841186902562,0.37991739355860027,False,,-0.0418328164088701,,,0.16389048975216125,,-0.4510731448105626,True
CSR_5255_TOV_018_FL510_X2R4.20848_P0.05_Q1_V1.0227,TOV,1,0.103742479417479,,1.0117876050311099,,1.1657864215390215,0.30523318127197197,False,,-0.06634884073100394,,,0.15399881650791158,,0.03739363868647505,True
CSR_5255_TOV_019_FL510_X2R4.20848_P-1_Q0_V1.0227,TOV,1,-0.05176673442373838,,0.9821945485998074,,1.1446169689128034,0.8848516217264997,False,,-0.04354944583995272,,,0.16242242031299603,,-0.0953161802636911,True
CSR_5255_TOV_020_FL510_X2R4.20848_P-1_Q-1_V1.0227,TOV,1,-0.3100994207007026,,0.9721888302818111,,1.1364299156201614,0.9585556479206984,False,,-0.042472265480204885,,,0.16424108533835025,,-0.3525716861809075,True
CSR_5255_TOV_021_FL510_X2R4.20848_P-1_Q1_V1.0227,TOV,1,0.216375287704324,,1.017441779318918,,1.1829271802279626,0.9456022661296367,False,,-0.03902258095821026,,,0.1654854009090445,,0.17735270674611373,True
CSR_5255_TOV_022_FL510_X2R4.20848_P-0.05_Q0_V1.0227,TOV,1,-0.16284117351470714,,0.994312243890927,,1.1563265655485615,0.050042676578063806,False,,-0.04889327658909387,,,0.16201432165763452,,-0.21173445010380101,True
CSR_5255_TOV_023_FL510_X2R4.20848_P-0.05_Q-1_V1.0227,TOV,1,-0.4101397056583406,,0.9685224593626678,,1.130024503517462,0.3867298709789217,False,,-0.04589230274779543,,,0.1615020441547943,,-0.45603200840613606,True
CSR_5255_TOV_024_FL510_X2R4.20848_P-0.05_Q1_V1.0227,TOV,1,0.103975224519056,,1.012126033536815,,1.1676052596551951,0.31851452548517595,False,,-0.0547636710141387,,,0.15547922611838016,,0.0492115535049173,True
CSR_5255_TOV_025_FL1068_X2R4.01518_P1_Q0_V1.0227,TOV,1,-0.05979715458726824,,1.0170845020765207,,1.2235999517410758,0.7134429315344906,False,,-0.15885114075896145,,,0.20651544966455515,,-0.2186482953462297,True
CSR_5255_TOV_026_FL1068_X2R4.01518_P1_Q-1_V1.0227,TOV,1,-0.3055837217933565,,0.9907571336914889,,1.2159664728885597,0.8681220997419943,False,,-0.10932353002198142,,,0.22520933919707087,,-0.41490725181533794,True
CSR_5255_TOV_027_FL1068_X2R4.01518_P1_Q1_V1.0227,TOV,1,0.21429151292841922,,1.0360782538518751,,1.227025660934688,0.7172019334654729,False,,-0.18248745936965993,,,0.19094740708281277,,0.03180405355875929,True
CSR_5255_TOV_028_FL1068_X2R4.01518_P0.05_Q0_V1.0227,TOV,1,-0.1630068584312465,,0.9953560169088985,,1.2143733656616578,0.04511205038570874,False,,-0.044229624499830256,,,0.21901734875275924,,-0.20723648293107674,True
CSR_5255_TOV_029_FL1068_X2R4.01518_P0.05_Q-1_V1.0227,TOV,1,-0.4103351665066035,,0.9694205873523076,,1.2047768612652034,0.3514746995080241,False,,-0.03541881821389181,,,0.23535627391289582,,-0.4457539847204953,True
CSR_5255_TOV_030_FL1068_X2R4.01518_P0.05_Q1_V1.0227,TOV,1,0.10425183571883763,,1.0122854075063483,,1.2162013543633021,0.3153531188264992,False,,-0.062011910006653466,,,0.2039159468569538,,0.04223992571218416,True
CSR_5255_TOV_031_FL1068_X2R4.01518_P-1_Q0_V1.0227,TOV,1,-0.05180812670047634,,0.9822889464297538,,1.2092952763812428,0.8594379367212881,False,,-0.024483716664149918,,,0.22700632995148895,,-0.07629184336462626,True
CSR_5255_TOV_032_FL1068_X2R4.01518_P-1_Q-1_V1.0227,TOV,1,-0.3058480507429955,,0.9734212056741111,,1.2091218399395303,0.8947174565791561,False,,-0.02159097331625104,,,0.2357006342654192,,-0.3274390240592465,True
CSR_5255_TOV_033_FL1068_X2R4.01518_P-1_Q1_V1.0227,TOV,1,0.21862055251615367,,1.0180103556915427,,1.218728729841056,0.9081572590536332,False,,-0.09154993666808786,,,0.20071837414951332,,0.1270706158480658,True
CSR_5255_TOV_034_FL1068_X2R4.01518_P-0.05_Q0_V1.0227,TOV,1,-0.16354219468340453,,0.994258353546425,,1.2142186056046718,0.07822826673985461,False,,-0.03514970246796881,,,0.21996025205824676,,-0.19869189715137334,True
CSR_5255_TOV_035_FL1068_X2R4.01518_P-0.05_Q-1_V1.0227,TOV,1,-0.4109243284814925,,0.9681247751777373,,1.205810462042955,0.30732457631749704,False,,0.00834364327763143,,,0.23768568686521774,,-0.4025806852038611,True
CSR_5255_TOV_036_FL1068_X2R4.01518_P-0.05_Q1_V1.0227,TOV,1,0.10393469116342545,,1.0110832653593202,,1.2180749663933976,0.3408965759685326,False,,-0.048415124537704766,,,0.20699170103407738,,0.05551956662572068,True
CSR_5255_TOV_037_FL510_X2R4.20848_P1_Q0_V1.0227,TOV,1,-0.059202092757281895,,1.0170331781719233,,1.2247642665566076,0.6931880314491612,False,,-0.1496226543279151,,,0.20773108838468435,,-0.208824747085197,True
CSR_5255_TOV_038_FL510_X2R4.20848_P1_Q-1_V1.0227,TOV,1,-0.305648909723396,,0.9905907594518981,,1.2160979157658625,0.8535157820676336,False,,-0.10621563819594199,,,0.22550715631396434,,-0.41186454791933796,True
CSR_5255_TOV_039_FL510_X2R4.20848_P1_Q1_V1.0227,TOV,1,0.214259510879069,,1.0361842774163235,,1.2284600545052258,0.7132248575391192,False,,-0.17331954135288438,,,0.1922757770889023,,0.04093996952618462,True
CSR_5255_TOV_040_FL510_X2R4.20848_P0.05_Q0_V1.0227,TOV,1,-0.16325642809234317,,0.9952520045300725,,1.2121926325998964,0.05837779875143053,False,,-0.03919813542515235,,,0.21694062806982395,,-0.20245456351749552,True
CSR_5255_TOV_041_FL510_X2R4.20848_P0.05_Q-1_V1.0227,TOV,1,-0.4092668359295017,,0.9698021540031233,,1.1962813722741956,0.3356541688840299,False,,-0.018818517526585254,,,0.2264792182710723,,-0.42808535345608695,True
CSR_5255_TOV_042_FL510_X2R4.20848_P0.05_Q1_V1.0227,TOV,1,0.10376713399188792,,1.0118241774484045,,1.216120438487621,0.31685458003590844,False,,-0.06376802729014602,,,0.2042962610392165,,0.0399991067017419,True
CSR_5255_TOV_043_FL510_X2R4.20848_P-1_Q0_V1.0227,TOV,1,-0.05178118166978098,,0.9821873582329665,,1.1895394360709113,0.8833952164459039,False,,-0.055882243650624504,,,0.20735207783794474,,-0.10766342532040549,True
CSR_5255_TOV_044_FL510_X2R4.20848_P-1_Q-1_V1.0227,TOV,1,-0.3101046192644089,,0.9721870524170882,,1.1821910030554952,0.9586380481206757,False,,-0.054527914863286286,,,0.21000395063840693,,-0.3646325341276952,True
CSR_5255_TOV_045_FL510_X2R4.20848_P-1_Q1_V1.0227,TOV,1,0.21616605838287867,,1.01760076790092,,1.2203497118034703,0.8989928427068459,False,,-0.07849611158247533,,,0.20274894390255027,,0.13766994680040334,True
CSR_5255_TOV_046_FL510_X2R4.20848_P-0.05_Q0_V1.0227,TOV,1,-0.16284072314408904,,0.9943134791993345,,1.2128016080905286,0.07580798254976039,False,,-0.027414509895413747,,,0.21848812889119407,,-0.19025523303950279,True
CSR_5255_TOV_047_FL510_X2R4.20848_P-0.05_Q-1_V1.0227,TOV,1,-0.4101550697302844,,0.9685112067170809,,1.1930706526443517,0.33898073615871926,False,,-0.020468495323119507,,,0.22455944592727084,,-0.43062356505340393,True
CSR_5255_TOV_048_FL510_X2R4.20848_P-0.05_Q1_V1.0227,TOV,1,0.10544539506323997,,1.0110483350939243,,1.2172273283072195,0.3393895800192946,False,,-0.050963205685424534,,,0.20617899321329514,,0.05448218937781543,True
CSR_5255_TOV_049_FL1068_X2R4.01518_P1_Q0_V1.0227,TOV,1,-0.05977387042631158,,1.017084608406006,,1.2400410703713276,0.6895158252600306,False,,-0.2624763951384105,,,0.2229564619653217,,-0.3222502655647221,True
CSR_5255_TOV_050_FL1068_X2R4.01518_P1_Q-1_V1.0227,TOV,1,-0.3055830269358314,,0.9907562592249712,,1.2321298491605288,0.8918283582965245,False,,-0.21653482184499306,,,0.24137358993555758,,-0.5221178487808245,True
CSR_5255_TOV_051_FL1068_X2R4.01518_P1_Q1_V1.0227,TOV,1,0.2142917574153262,,1.0360782537891609,,1.2438756544001268,0.6316160787570345,False,,-0.29773190896617296,,,0.20779740061096597,,-0.08344015155084679,True
CSR_5255_TOV_052_FL1068_X2R4.01518_P0.05_Q0_V1.0227,TOV,1,-0.16347164090914348,,0.9952951408753213,,1.228263298903644,0.21757282450977694,False,,-0.18109868366390167,,,0.2329681580283226,,-0.34457032457304515,True
CSR_5255_TOV_053_FL1068_X2R4.01518_P0.05_Q-1_V1.0227,TOV,1,-0.40964329429531987,,0.969394700624604,,1.2204184071356952,0.5035674654049201,False,,-0.14003826573283462,,,0.2510237065110912,,-0.5496815600281545,True
CSR_5255_TOV_054_FL1068_X2R4.01518_P0.05_Q1_V1.0227,TOV,1,0.10426240656063143,,1.012287649084476,,1.2355518566720272,0.21340433913874168,False,,-0.1509384313903425,,,0.22326420758755106,,-0.04667602482971107,True
CSR_5255_TOV_055_FL1068_X2R4.01518_P-1_Q0_V1.0227,TOV,1,-0.05184449734482229,,0.9822847563031235,,1.2239568165392787,0.8575115787206846,False,,-0.12676313495934524,,,0.24167206023615517,,-0.17860763230416754,True
CSR_5255_TOV_056_FL1068_X2R4.01518_P-1_Q-1_V1.0227,TOV,1,-0.3058358006621827,,0.9734232711829923,,1.2330566281441082,0.6957662072404667,False,,-0.14161816586118986,,,0.2596333569611159,,-0.44745396652337255,True
CSR_5255_TOV_057_FL1068_X2R4.01518_P-1_Q1_V1.0227,TOV,1,0.21862055251615367,,1.018010355612618,,1.2345336043172934,0.8686809782139647,False,,-0.19343114691354288,,,0.21652324870467532,,0.025189405602610793,True
CSR_5255_TOV_058_FL1068_X2R4.01518_P-0.05_Q0_V1.0227,TOV,1,-0.1635552168281341,,0.9942586040496846,,1.2298561716503178,0.15822545615088993,False,,-0.13399968361738687,,,0.23559756760063322,,-0.29755490044552096,True
CSR_5255_TOV_059_FL1068_X2R4.01518_P-0.05_Q-1_V1.0227,TOV,1,-0.4108747877134996,,0.9681340125801078,,1.2220121823755739,0.4392524691914761,False,,-0.08950467501389814,,,0.25387816979546607,,-0.5003794627273978,True
CSR_5255_TOV_060_FL1068_X2R4.01518_P-0.05_Q1_V1.0227,TOV,1,0.1039239144379205,,1.011079618452667,,1.235457378185142,0.2504001027544292,False,,-0.14160351916530206,,,0.22437775973247498,,-0.03767960472738157,True
CSR_5255_TOV_061_FL510_X2R4.20848_P1_Q0_V1.0227,TOV,1,-0.05920711117274091,,1.0170286182797883,,1.2394861970202673,0.6662063003402136,False,,-0.24458815029287623,,,0.222457578740479,,-0.30379526146561714,True
CSR_5255_TOV_062_FL510_X2R4.20848_P1_Q-1_V1.0227,TOV,1,-0.3056892629307793,,0.9905807636853284,,1.2313056507535372,0.8494708111725902,False,,-0.1987226381629928,,,0.24072488706820871,,-0.5044119010937721,True
CSR_5255_TOV_063_FL510_X2R4.20848_P1_Q1_V1.0227,TOV,1,0.21423440593404194,,1.0361726480810933,,1.243223522289165,0.6119894655530594,False,,-0.2683930876629978,,,0.20705087420807167,,-0.054158681728955854,True
CSR_5255_TOV_064_FL510_X2R4.20848_P0.05_Q0_V1.0227,TOV,1,-0.1633182060734169,,0.9952315465881596,,1.2275589064100492,0.11814590257395034,False,,-0.11950126260483346,,,0.23232735982188957,,-0.28281946867825036,True
CSR_5255_TOV_065_FL510_X2R4.20848_P0.05_Q-1_V1.0227,TOV,1,-0.4092596299996118,,0.969799594633683,,1.220328386668862,0.4079842502456025,False,,-0.07511402125639416,,,0.25052879203517886,,-0.48437365125600595,True
CSR_5255_TOV_066_FL510_X2R4.20848_P0.05_Q1_V1.0227,TOV,1,0.10383817030609696,,1.0118122989776266,,1.2315407699960015,0.22411448849614085,False,,-0.13539522131628284,,,0.2197284710183749,,-0.031557051010185876,True
CSR_5255_TOV_067_FL510_X2R4.20848_P-1_Q0_V1.0227,TOV,1,-0.05177201984463528,,0.9821883229105595,,1.2241895757325576,0.8442432403811544,False,,-0.1010563596753063,,,0.24200125282199814,,-0.15282837951994158,True
CSR_5255_TOV_068_FL510_X2R4.20848_P-1_Q-1_V1.0227,TOV,1,-0.310069438885268,,0.9721954060556818,,1.2204179395369303,0.9473933860615926,False,,-0.09137981238402704,,,0.24822253348124856,,-0.40144925126929504,True
CSR_5255_TOV_069_FL510_X2R4.20848_P-1_Q1_V1.0227,TOV,1,0.21064161936507358,,1.0167136566362736,,1.2337715226655426,0.8595578817113594,False,,-0.15949290923897957,,,0.21705786602926902,,0.051148710126094024,True
CSR_5255_TOV_070_FL510_X2R4.20848_P-0.05_Q0_V1.0227,TOV,1,-0.16283973232872917,,0.9943099289866821,,1.2271814885237533,0.12959381631103323,False,,-0.11267899701066592,,,0.23287155953707117,,-0.2755187293393951,True
CSR_5255_TOV_071_FL510_X2R4.20848_P-0.05_Q-1_V1.0227,TOV,1,-0.4101308783942256,,0.9685138773041267,,1.2194367221149882,0.40696747997546096,False,,-0.06904997389942485,,,0.25092284481086147,,-0.47918085229365043,True
CSR_5255_TOV_072_FL510_X2R4.20848_P-0.05_Q1_V1.0227,TOV,1,0.10641225070621402,,1.0108661221469497,,1.2315030947993928,0.2562304984615074,False,,-0.1318921743099073,,,0.2206369726524431,,-0.025479923603693284,True
CSR_5255_TOV_073_FL1068_X2R4.01518_P1_Q0_V1.0227,TOV,1,-0.059784074537744925,,1.0170861643635243,,1.2553400662593694,0.7345770956496284,False,,-0.38104244385312563,,,0.23825390189584517,,-0.44082651839087056,True
CSR_5255_TOV_074_FL1068_X2R4.01518_P1_Q-1_V1.0227,TOV,1,-0.3055699275847102,,0.9907585052200427,,1.2506032800566769,0.8889900494625277,False,,-0.3425519950818188,,,0.25984477483663415,,-0.648121922666529,True
CSR_5255_TOV_075_FL1068_X2R4.01518_P1_Q1_V1.0227,TOV,1,0.21428896511749387,,1.0360783759296837,,1.257937316170803,0.5757617951043393,False,,-0.38741307779144524,,,0.2218589402411193,,-0.17312411267395136,True
CSR_5255_TOV_076_FL1068_X2R4.01518_P0.05_Q0_V1.0227,TOV,1,-0.16299557343032967,,0.9953516816148726,,1.2422730838700151,0.3544604214932052,False,,-0.28811164513442644,,,0.24692140225514247,,-0.4511072185647561,True
CSR_5255_TOV_077_FL1068_X2R4.01518_P0.05_Q-1_V1.0227,TOV,1,-0.41230557656406225,,0.9689105485772657,,1.2356746411948816,0.6584191201689664,False,,-0.26012853589977375,,,0.2667640926176159,,-0.672434112463836,True
CSR_5255_TOV_078_FL1068_X2R4.01518_P0.05_Q1_V1.0227,TOV,1,0.10426702607640012,,1.012268962024215,,1.2505956728772143,0.1026926620745663,False,,-0.22948233372926605,,,0.2383267108529994,,-0.12521530765286593,True
CSR_5255_TOV_079_FL1068_X2R4.01518_P-1_Q0_V1.0227,TOV,1,-0.0518038771320011,,0.9822850433170374,,1.2516736572659037,0.4991544727399149,False,,-0.24488801026735166,,,0.2693886139488664,,-0.29669188739935276,True
CSR_5255_TOV_080_FL1068_X2R4.01518_P-1_Q-1_V1.0227,TOV,1,-0.3058358006621827,,0.973423271127015,,1.2533692400713436,0.6336707792598477,False,,-0.2745635061261004,,,0.27994596894432866,,-0.5803993067882831,True
CSR_5255_TOV_081_FL1068_X2R4.01518_P-1_Q1_V1.0227,TOV,1,0.2186194716266702,,1.018012642096562,,1.2622719833199827,0.44970062672228417,False,,-0.3038785928977008,,,0.24425934122342063,,-0.0852591212710306,True
CSR_5255_TOV_082_FL1068_X2R4.01518_P-0.05_Q0_V1.0227,TOV,1,-0.16353353469980472,,0.9942610422606571,,1.2463893002236375,0.28168031217538936,False,,-0.22441213851689398,,,0.25212825796298033,,-0.3879456732166987,True
CSR_5255_TOV_083_FL1068_X2R4.01518_P-0.05_Q-1_V1.0227,TOV,1,-0.4108389639477614,,0.9681427805663405,,1.2385695134133612,0.5813890512543307,False,,-0.19114524258729404,,,0.2704267328470207,,-0.6019842065350555,True
CSR_5255_TOV_084_FL1068_X2R4.01518_P-0.05_Q1_V1.0227,TOV,1,0.10393805607532938,,1.011081234920453,,1.2492048808344365,0.17162472547854463,False,,-0.22225309394296985,,,0.2381236459139835,,-0.11831503786764047,True
CSR_5255_TOV_085_FL510_X2R4.20848_P1_Q0_V1.0227,TOV,1,-0.059216170056031046,,1.0170266055416144,,1.253424016718318,0.659580059689314,False,,-0.33665430176345007,,,0.23639741117670354,,-0.3958704718194811,True
CSR_5255_TOV_086_FL510_X2R4.20848_P1_Q-1_V1.0227,TOV,1,-0.3056784025650167,,0.9905781065587089,,1.24654175360724,0.8417723642363175,False,,-0.29334957123271727,,,0.25596364704853114,,-0.599027973797734,True
CSR_5255_TOV_087_FL510_X2R4.20848_P1_Q1_V1.0227,TOV,1,0.21427015249338852,,1.03618777564559,,1.2582293029905645,0.5365419121472665,False,,-0.37097341786975513,,,0.2220415273449745,,-0.15670326537636664,True
CSR_5255_TOV_088_FL510_X2R4.20848_P0.05_Q0_V1.0227,TOV,1,-0.16326282335512043,,0.9953872701454068,,1.2413336667344488,0.21527453883128392,False,,-0.1958638656274319,,,0.24594639658904194,,-0.35912668898255234,True
CSR_5255_TOV_089_FL510_X2R4.20848_P0.05_Q-1_V1.0227,TOV,1,-0.4092539167266277,,0.9698055495321117,,1.2333077047576106,0.5132571119474579,False,,-0.15390453367806667,,,0.2635021552254989,,-0.5631584504046944,True
CSR_5255_TOV_090_FL510_X2R4.20848_P0.05_Q1_V1.0227,TOV,1,0.10384801412103581,,1.0118102246306118,,1.2468636960387403,0.1303888920745972,False,,-0.21184261625854084,,,0.2350534714081285,,-0.10799460213750502,True
CSR_5255_TOV_091_FL510_X2R4.20848_P-1_Q0_V1.0227,TOV,1,-0.051723778717568954,,0.9822003674773805,,1.2364714798374716,0.8558081657624661,False,,-0.18871944349625916,,,0.25427111236009114,,-0.2404432222138281,True
CSR_5255_TOV_092_FL510_X2R4.20848_P-1_Q-1_V1.0227,TOV,1,-0.31009630670957167,,0.9721881914608475,,1.2335759094670387,0.9771766927951565,False,,-0.17329584542450543,,,0.2613877180061912,,-0.4833921521340771,True
CSR_5255_TOV_093_FL510_X2R4.20848_P-1_Q1_V1.0227,TOV,1,0.2106165015523146,,1.0166937397474474,,1.2473526813960063,0.8413687857820769,False,,-0.24317363268935965,,,0.23065894164855894,,-0.032557131137045045,True
CSR_5255_TOV_094_FL510_X2R4.20848_P-0.05_Q0_V1.0227,TOV,1,-0.16285580412592998,,0.994302977246216,,1.2407079135021286,0.22081679511165778,False,,-0.19019016091905083,,,0.24640493625591264,,-0.3530459650449808,True
CSR_5255_TOV_095_FL510_X2R4.20848_P-0.05_Q-1_V1.0227,TOV,1,-0.4101406578705047,,0.9685093726744062,,1.2318917382249688,0.512916998164354,False,,-0.1475266680743933,,,0.2633823655505626,,-0.557667325944898,True
CSR_5255_TOV_096_FL510_X2R4.20848_P-0.05_Q1_V1.0227,TOV,1,0.10812284195408091,,1.0113826767139495,,1.245467676249766,0.189147122158351,False,,-0.21201243815090087,,,0.23408499953581652,,-0.10388959619681996,True
