degC,V_pu,Q_MVAr,P_MW
35,0.9,-4.14,0
35,0.9,-4.135,0.207
35,0.9,-4.119,0.414
35,0.9,-4.093,0.621
35,0.9,-4.056,0.828
35,0.9,-4.009,1.035
35,0.9,-3.949,1.242
35,0.9,-3.878,1.449
35,0.9,-3.794,1.656
35,0.9,-3.697,1.863
35,0.9,-3.585,2.07
35,0.9,-3.561,2.111
35,0.9,-3.536,2.153
35,0.9,-3.511,2.194
35,0.9,-3.484,2.236
35,0.9,-3.458,2.277
35,0.9,-3.43,2.318
35,0.9,-3.402,2.36
35,0.9,-3.373,2.401
35,0.9,-3.343,2.443
35,0.9,-3.312,2.484
35,0.9,-3.281,2.525
35,0.9,-3.248,2.567
35,0.9,-3.215,2.608
35,0.9,-3.181,2.65
35,0.9,-3.146,2.691
35,0.9,-3.11,2.732
35,0.9,-3.073,2.774
35,0.9,-3.035,2.815
35,0.9,-2.997,2.857
35,0.9,-2.957,2.898
35,0.9,-2.915,2.939
35,0.9,-2.873,2.981
35,0.9,-2.829,3.022
35,0.9,-2.785,3.064
35,0.9,-2.738,3.105
35,0.9,-2.691,3.146
35,0.9,-2.642,3.188
35,0.9,-2.591,3.229
35,0.9,-2.538,3.271
35,0.9,-2.484,3.312
35,0.9,-2.428,3.353
35,0.9,-2.37,3.395
35,0.9,-2.309,3.436
35,0.9,-2.246,3.478
35,0.9,-2.181,3.519
35,0.9,-2.113,3.56
35,0.9,-2.041,3.602
35,0.9,-1.966,3.643
35,0.9,-1.888,3.685
35,0.9,-1.805,3.726
35,0.9,-1.716,3.767
35,0.9,-1.623,3.809
35,0.9,-1.522,3.85
35,0.9,-1.412,3.892
35,0.9,-1.293,3.933
35,0.9,-1.159,3.974
35,0.9,-1.006,4.016
35,0.9,-0.824,4.057
35,0.9,-0.584,4.099
35,0.9,0,4.14
35,0.9,0.207,4.135
35,0.9,0.414,4.119
35,0.9,0.621,4.093
35,0.9,0.828,4.056
35,0.9,1.035,4.009
35,0.9,1.242,3.949
35,0.9,1.449,3.878
35,0.9,1.656,3.794
35,0.9,1.863,3.697
35,0.9,2.07,3.585
35,0.9,2.111,3.561
35,0.9,2.153,3.536
35,0.9,2.194,3.511
35,0.9,2.236,3.484
35,0.9,2.277,3.458
35,0.9,2.318,3.43
35,0.9,2.36,3.402
35,0.9,2.401,3.373
35,0.9,2.443,3.343
35,0.9,2.484,3.312
35,0.9,2.525,3.281
35,0.9,2.567,3.248
35,0.9,2.608,3.215
35,0.9,2.65,3.181
35,0.9,2.691,3.146
35,0.9,2.732,3.11
35,0.9,2.774,3.073
35,0.9,2.815,3.035
35,0.9,2.857,2.997
35,0.9,2.898,2.957
35,0.9,2.939,2.915
35,0.9,2.981,2.873
35,0.9,3.022,2.829
35,0.9,3.064,2.785
35,0.9,3.105,2.738
35,0.9,3.146,2.691
35,0.9,3.188,2.642
35,0.9,3.229,2.591
35,0.9,3.271,2.538
35,0.9,3.312,2.484
35,0.9,3.353,2.428
35,0.9,3.395,2.37
35,0.9,3.436,2.309
35,0.9,3.478,2.246
35,0.9,3.519,2.181
35,0.9,3.56,2.113
35,0.9,3.602,2.041
35,0.9,3.643,1.966
35,0.9,3.685,1.888
35,0.9,3.726,1.805
35,0.9,3.767,1.716
35,0.9,3.809,1.623
35,0.9,3.85,1.522
35,0.9,3.892,1.412
35,0.9,3.933,1.293
35,0.9,3.974,1.159
35,0.9,4.016,1.006
35,0.9,4.057,0.824
35,0.9,4.099,0.584
35,0.9,4.14,0
35,0.9,4.135,-0.207
35,0.9,4.119,-0.414
35,0.9,4.093,-0.621
35,0.9,4.056,-0.828
35,0.9,4.009,-1.035
35,0.9,3.949,-1.242
35,0.9,3.878,-1.449
35,0.9,3.794,-1.656
35,0.9,3.697,-1.863
35,0.9,3.585,-2.07
35,0.9,3.561,-2.111
35,0.9,3.536,-2.153
35,0.9,3.511,-2.194
35,0.9,3.484,-2.236
35,0.9,3.458,-2.277
35,0.9,3.43,-2.318
35,0.9,3.402,-2.36
35,0.9,3.373,-2.401
35,0.9,3.343,-2.443
35,0.9,3.312,-2.484
35,0.9,3.281,-2.525
35,0.9,3.248,-2.567
35,0.9,3.215,-2.608
35,0.9,3.181,-2.65
35,0.9,3.146,-2.691
35,0.9,3.11,-2.732
35,0.9,3.073,-2.774
35,0.9,3.035,-2.815
35,0.9,2.997,-2.857
35,0.9,2.957,-2.898
35,0.9,2.915,-2.939
35,0.9,2.873,-2.981
35,0.9,2.829,-3.022
35,0.9,2.785,-3.064
35,0.9,2.738,-3.105
35,0.9,2.691,-3.146
35,0.9,2.642,-3.188
35,0.9,2.591,-3.229
35,0.9,2.538,-3.271
35,0.9,2.484,-3.312
35,0.9,2.428,-3.353
35,0.9,2.37,-3.395
35,0.9,2.309,-3.436
35,0.9,2.246,-3.478
35,0.9,2.181,-3.519
35,0.9,2.113,-3.56
35,0.9,2.041,-3.602
35,0.9,1.966,-3.643
35,0.9,1.888,-3.685
35,0.9,1.805,-3.726
35,0.9,1.716,-3.767
35,0.9,1.623,-3.809
35,0.9,1.522,-3.85
35,0.9,1.412,-3.892
35,0.9,1.293,-3.933
35,0.9,1.159,-3.974
35,0.9,1.006,-4.016
35,0.9,0.824,-4.057
35,0.9,0.584,-4.099
35,0.9,0,-4.14
35,0.9,-0.584,-4.099
35,0.9,-0.824,-4.057
35,0.9,-1.006,-4.016
35,0.9,-1.159,-3.974
35,0.9,-1.293,-3.933
35,0.9,-1.412,-3.892
35,0.9,-1.522,-3.85
35,0.9,-1.623,-3.809
35,0.9,-1.716,-3.767
35,0.9,-1.805,-3.726
35,0.9,-1.888,-3.685
35,0.9,-1.966,-3.643
35,0.9,-2.041,-3.602
35,0.9,-2.113,-3.56
35,0.9,-2.181,-3.519
35,0.9,-2.246,-3.478
35,0.9,-2.309,-3.436
35,0.9,-2.37,-3.395
35,0.9,-2.428,-3.353
35,0.9,-2.484,-3.312
35,0.9,-2.538,-3.271
35,0.9,-2.591,-3.229
35,0.9,-2.642,-3.188
35,0.9,-2.691,-3.146
35,0.9,-2.738,-3.105
35,0.9,-2.785,-3.064
35,0.9,-2.829,-3.022
35,0.9,-2.873,-2.981
35,0.9,-2.915,-2.939
35,0.9,-2.957,-2.898
35,0.9,-2.997,-2.857
35,0.9,-3.035,-2.815
35,0.9,-3.073,-2.774
35,0.9,-3.11,-2.732
35,0.9,-3.146,-2.691
35,0.9,-3.181,-2.65
35,0.9,-3.215,-2.608
35,0.9,-3.248,-2.567
35,0.9,-3.281,-2.525
35,0.9,-3.312,-2.484
35,0.9,-3.343,-2.443
35,0.9,-3.373,-2.401
35,0.9,-3.402,-2.36
35,0.9,-3.43,-2.318
35,0.9,-3.458,-2.277
35,0.9,-3.484,-2.236
35,0.9,-3.511,-2.194
35,0.9,-3.536,-2.153
35,0.9,-3.561,-2.111
35,0.9,-3.585,-2.07
35,0.9,-3.697,-1.863
35,0.9,-3.794,-1.656
35,0.9,-3.878,-1.449
35,0.9,-3.949,-1.242
35,0.9,-4.009,-1.035
35,0.9,-4.056,-0.828
35,0.9,-4.093,-0.621
35,0.9,-4.119,-0.414
35,0.9,-4.135,-0.207
35,0.9,-4.14,0
35,1,4.6,0
35,1,4.594246402,0.23
35,1,4.576942211,0.46
35,1,4.547955585,0.69
35,1,4.507061127,0.92
35,1,4.453930848,1.15
35,1,4.388120327,1.38
35,1,4.309048619,1.61
35,1,4.215969639,1.84
35,1,4.107931353,2.07
35,1,3.983716857,2.3
35,1,3.956802244,2.346
35,1,3.929164797,2.392
35,1,3.900789151,2.438
35,1,3.871659076,2.484
35,1,3.84175741,2.53
35,1,3.811065993,2.576
35,1,3.779565584,2.622
35,1,3.747235781,2.668
35,1,3.714054927,2.714
35,1,3.68,2.76
35,1,3.645046502,2.806
35,1,3.609168325,2.852
35,1,3.57233761,2.898
35,1,3.534524579,2.944
35,1,3.495697355,2.99
35,1,3.455821755,3.036
35,1,3.414861051,3.082
35,1,3.372775711,3.128
35,1,3.329523089,3.174
35,1,3.285057077,3.22
35,1,3.239327708,3.266
35,1,3.192280689,3.312
35,1,3.143856867,3.358
35,1,3.093991597,3.404
35,1,3.042614008,3.45
35,1,2.989646133,3.496
35,1,2.935001874,3.542
35,1,2.878585764,3.588
35,1,2.820291474,3.634
35,1,2.76,3.68
35,1,2.697577432,3.726
35,1,2.632872196,3.772
35,1,2.565711597,3.818
35,1,2.495897434,3.864
35,1,2.423200363,3.91
35,1,2.347352551,3.956
35,1,2.268037919,4.002
35,1,2.184878944,4.048
35,1,2.097418413,4.094
35,1,2.005093514,4.14
35,1,1.907197945,4.186
35,1,1.802824451,4.232
35,1,1.690773787,4.278
35,1,1.569402434,4.324
35,1,1.43634954,4.37
35,1,1.288,4.416
35,1,1.118282612,4.462
35,1,0.915388442,4.508
35,1,0.648909855,4.554
35,1,0,4.6
35,1,-4.6,0
35,1,-4.594246402,0.23
35,1,-4.576942211,0.46
35,1,-4.547955585,0.69
35,1,-4.507061127,0.92
35,1,-4.453930848,1.15
35,1,-4.388120327,1.38
35,1,-4.309048619,1.61
35,1,-4.215969639,1.84
35,1,-4.107931353,2.07
35,1,-3.983716857,2.3
35,1,-3.956802244,2.346
35,1,-3.929164797,2.392
35,1,-3.900789151,2.438
35,1,-3.871659076,2.484
35,1,-3.84175741,2.53
35,1,-3.811065993,2.576
35,1,-3.779565584,2.622
35,1,-3.747235781,2.668
35,1,-3.714054927,2.714
35,1,-3.68,2.76
35,1,-3.645046502,2.806
35,1,-3.609168325,2.852
35,1,-3.57233761,2.898
35,1,-3.534524579,2.944
35,1,-3.495697355,2.99
35,1,-3.455821755,3.036
35,1,-3.414861051,3.082
35,1,-3.372775711,3.128
35,1,-3.329523089,3.174
35,1,-3.285057077,3.22
35,1,-3.239327708,3.266
35,1,-3.192280689,3.312
35,1,-3.143856867,3.358
35,1,-3.093991597,3.404
35,1,-3.042614008,3.45
35,1,-2.989646133,3.496
35,1,-2.935001874,3.542
35,1,-2.878585764,3.588
35,1,-2.820291474,3.634
35,1,-2.76,3.68
35,1,-2.697577432,3.726
35,1,-2.632872196,3.772
35,1,-2.565711597,3.818
35,1,-2.495897434,3.864
35,1,-2.423200363,3.91
35,1,-2.347352551,3.956
35,1,-2.268037919,4.002
35,1,-2.184878944,4.048
35,1,-2.097418413,4.094
35,1,-2.005093514,4.14
35,1,-1.907197945,4.186
35,1,-1.802824451,4.232
35,1,-1.690773787,4.278
35,1,-1.569402434,4.324
35,1,-1.43634954,4.37
35,1,-1.288,4.416
35,1,-1.118282612,4.462
35,1,-0.915388442,4.508
35,1,-0.648909855,4.554
35,1,0,4.6
35,1,4.6,0
35,1,4.594246402,-0.23
35,1,4.576942211,-0.46
35,1,4.547955585,-0.69
35,1,4.507061127,-0.92
35,1,4.453930848,-1.15
35,1,4.388120327,-1.38
35,1,4.309048619,-1.61
35,1,4.215969639,-1.84
35,1,4.107931353,-2.07
35,1,3.983716857,-2.3
35,1,3.956802244,-2.346
35,1,3.929164797,-2.392
35,1,3.900789151,-2.438
35,1,3.871659076,-2.484
35,1,3.84175741,-2.53
35,1,3.811065993,-2.576
35,1,3.779565584,-2.622
35,1,3.747235781,-2.668
35,1,3.714054927,-2.714
35,1,3.68,-2.76
35,1,3.645046502,-2.806
35,1,3.609168325,-2.852
35,1,3.57233761,-2.898
35,1,3.534524579,-2.944
35,1,3.495697355,-2.99
35,1,3.455821755,-3.036
35,1,3.414861051,-3.082
35,1,3.372775711,-3.128
35,1,3.329523089,-3.174
35,1,3.285057077,-3.22
35,1,3.239327708,-3.266
35,1,3.192280689,-3.312
35,1,3.143856867,-3.358
35,1,3.093991597,-3.404
35,1,3.042614008,-3.45
35,1,2.989646133,-3.496
35,1,2.935001874,-3.542
35,1,2.878585764,-3.588
35,1,2.820291474,-3.634
35,1,2.76,-3.68
35,1,2.697577432,-3.726
35,1,2.632872196,-3.772
35,1,2.565711597,-3.818
35,1,2.495897434,-3.864
35,1,2.423200363,-3.91
35,1,2.347352551,-3.956
35,1,2.268037919,-4.002
35,1,2.184878944,-4.048
35,1,2.097418413,-4.094
35,1,2.005093514,-4.14
35,1,1.907197945,-4.186
35,1,1.802824451,-4.232
35,1,1.690773787,-4.278
35,1,1.569402434,-4.324
35,1,1.43634954,-4.37
35,1,1.288,-4.416
35,1,1.118282612,-4.462
35,1,0.915388442,-4.508
35,1,0.648909855,-4.554
35,1,0,-4.6
35,1,-4.6,0
35,1,-4.594246402,-0.23
35,1,-4.576942211,-0.46
35,1,-4.547955585,-0.69
35,1,-4.507061127,-0.92
35,1,-4.453930848,-1.15
35,1,-4.388120327,-1.38
35,1,-4.309048619,-1.61
35,1,-4.215969639,-1.84
35,1,-4.107931353,-2.07
35,1,-3.983716857,-2.3
35,1,-3.956802244,-2.346
35,1,-3.929164797,-2.392
35,1,-3.900789151,-2.438
35,1,-3.871659076,-2.484
35,1,-3.84175741,-2.53
35,1,-3.811065993,-2.576
35,1,-3.779565584,-2.622
35,1,-3.747235781,-2.668
35,1,-3.714054927,-2.714
35,1,-3.68,-2.76
35,1,-3.645046502,-2.806
35,1,-3.609168325,-2.852
35,1,-3.57233761,-2.898
35,1,-3.534524579,-2.944
35,1,-3.495697355,-2.99
35,1,-3.455821755,-3.036
35,1,-3.414861051,-3.082
35,1,-3.372775711,-3.128
35,1,-3.329523089,-3.174
35,1,-3.285057077,-3.22
35,1,-3.239327708,-3.266
35,1,-3.192280689,-3.312
35,1,-3.143856867,-3.358
35,1,-3.093991597,-3.404
35,1,-3.042614008,-3.45
35,1,-2.989646133,-3.496
35,1,-2.935001874,-3.542
35,1,-2.878585764,-3.588
35,1,-2.820291474,-3.634
35,1,-2.76,-3.68
35,1,-2.697577432,-3.726
35,1,-2.632872196,-3.772
35,1,-2.565711597,-3.818
35,1,-2.495897434,-3.864
35,1,-2.423200363,-3.91
35,1,-2.347352551,-3.956
35,1,-2.268037919,-4.002
35,1,-2.184878944,-4.048
35,1,-2.097418413,-4.094
35,1,-2.005093514,-4.14
35,1,-1.907197945,-4.186
35,1,-1.802824451,-4.232
35,1,-1.690773787,-4.278
35,1,-1.569402434,-4.324
35,1,-1.43634954,-4.37
35,1,-1.288,-4.416
35,1,-1.118282612,-4.462
35,1,-0.915388442,-4.508
35,1,-0.648909855,-4.554
35,1,0,-4.6
35,1.1,3.680954376,0
35,1.1,3.680954376,0.230059649
35,1.1,3.680954376,0.460119297
35,1.1,3.680954376,0.690178946
35,1.1,3.680954376,0.920238594
35,1.1,3.680954376,1.150298243
35,1.1,3.680954376,1.380357891
35,1.1,3.680954376,1.61041754
35,1.1,3.680954376,1.840477188
35,1.1,3.680954376,2.070536837
35,1.1,3.680954376,2.300596485
35,1.1,3.680954376,2.346608415
35,1.1,3.680954376,2.392620345
35,1.1,3.680954376,2.438632274
35,1.1,3.680954376,2.484644204
35,1.1,3.680954376,2.530656134
35,1.1,3.680954376,2.576668063
35,1.1,3.680954376,2.622679993
35,1.1,3.680954376,2.668691923
35,1.1,3.680954376,2.714703852
35,1.1,3.680954376,2.760715782
35,1.1,3.645991813,2.806727712
35,1.1,3.610104332,2.852739642
35,1.1,3.573264065,2.898751571
35,1.1,3.535441228,2.944763501
35,1.1,3.496603934,2.990775431
35,1.1,3.456717992,3.03678736
35,1.1,3.415746666,3.08279929
35,1.1,3.373650412,3.12881122
35,1.1,3.330386572,3.17482315
35,1.1,3.285909028,3.220835079
35,1.1,3.2401678,3.266847009
35,1.1,3.19310858,3.312858939
35,1.1,3.144672199,3.358870868
35,1.1,3.094793997,3.404882798
35,1.1,3.043403083,3.450894728
35,1.1,2.990421472,3.496906657
35,1.1,2.935763041,3.542918587
35,1.1,2.8793323,3.588930517
35,1.1,2.821022893,3.634942447
35,1.1,2.760715782,3.680954376
35,1.1,2.698277025,3.726966306
35,1.1,2.633555009,3.772978236
35,1.1,2.566376992,3.818990165
35,1.1,2.496544723,3.865002095
35,1.1,2.423828799,3.911014025
35,1.1,2.347961317,3.957025954
35,1.1,2.268626115,4.003037884
35,1.1,2.185445574,4.049049814
35,1.1,2.097962361,4.095061744
35,1.1,2.005613518,4.141073673
35,1.1,1.90769256,4.187085603
35,1.1,1.803291998,4.233097533
35,1.1,1.691212275,4.279109462
35,1.1,1.569809445,4.325121392
35,1.1,1.436722044,4.371133322
35,1.1,1.288334032,4.417145251
35,1.1,1.118572629,4.463157181
35,1.1,0.91562584,4.509169111
35,1.1,0.649078144,4.555181041
35,1.1,0,4.60119297
35,1.1,-4.6,0
35,1.1,-4.59543788,0.230059649
35,1.1,-4.578129201,0.460119297
35,1.1,-4.549135058,0.690178946
35,1.1,-4.508229994,0.920238594
35,1.1,-4.455085937,1.150298243
35,1.1,-4.389258348,1.380357891
35,1.1,-4.310166133,1.61041754
35,1.1,-4.217063015,1.840477188
35,1.1,-4.108996709,2.070536837
35,1.1,-3.98475,2.300596485
35,1.1,-3.957828407,2.346608415
35,1.1,-3.930183792,2.392620345
35,1.1,-3.901800787,2.438632274
35,1.1,-3.872663157,2.484644204
35,1.1,-3.842753737,2.530656134
35,1.1,-3.81205436,2.576668063
35,1.1,-3.780545781,2.622679993
35,1.1,-3.748207594,2.668691923
35,1.1,-3.715018135,2.714703852
35,1.1,-3.680954376,2.760715782
35,1.1,-3.645991813,2.806727712
35,1.1,-3.610104332,2.852739642
35,1.1,-3.573264065,2.898751571
35,1.1,-3.535441228,2.944763501
35,1.1,-3.496603934,2.990775431
35,1.1,-3.456717992,3.03678736
35,1.1,-3.415746666,3.08279929
35,1.1,-3.373650412,3.12881122
35,1.1,-3.330386572,3.17482315
35,1.1,-3.285909028,3.220835079
35,1.1,-3.2401678,3.266847009
35,1.1,-3.19310858,3.312858939
35,1.1,-3.144672199,3.358870868
35,1.1,-3.094793997,3.404882798
35,1.1,-3.043403083,3.450894728
35,1.1,-2.990421472,3.496906657
35,1.1,-2.935763041,3.542918587
35,1.1,-2.8793323,3.588930517
35,1.1,-2.821022893,3.634942447
35,1.1,-2.760715782,3.680954376
35,1.1,-2.698277025,3.726966306
35,1.1,-2.633555009,3.772978236
35,1.1,-2.566376992,3.818990165
35,1.1,-2.496544723,3.865002095
35,1.1,-2.423828799,3.911014025
35,1.1,-2.347961317,3.957025954
35,1.1,-2.268626115,4.003037884
35,1.1,-2.185445574,4.049049814
35,1.1,-2.097962361,4.095061744
35,1.1,-2.005613518,4.141073673
35,1.1,-1.90769256,4.187085603
35,1.1,-1.803291998,4.233097533
35,1.1,-1.691212275,4.279109462
35,1.1,-1.569809445,4.325121392
35,1.1,-1.436722044,4.371133322
35,1.1,-1.288334032,4.417145251
35,1.1,-1.118572629,4.463157181
35,1.1,-0.91562584,4.509169111
35,1.1,-0.649078144,4.555181041
35,1.1,0,4.60119297
35,1.1,4.6,0
35,1.1,4.59543788,-0.230059649
35,1.1,4.578129201,-0.460119297
35,1.1,4.549135058,-0.690178946
35,1.1,4.508229994,-0.920238594
35,1.1,4.455085937,-1.150298243
35,1.1,4.389258348,-1.380357891
35,1.1,4.310166133,-1.61041754
35,1.1,4.217063015,-1.840477188
35,1.1,4.108996709,-2.070536837
35,1.1,3.98475,-2.300596485
35,1.1,3.957828407,-2.346608415
35,1.1,3.930183792,-2.392620345
35,1.1,3.901800787,-2.438632274
35,1.1,3.872663157,-2.484644204
35,1.1,3.842753737,-2.530656134
35,1.1,3.81205436,-2.576668063
35,1.1,3.780545781,-2.622679993
35,1.1,3.748207594,-2.668691923
35,1.1,3.715018135,-2.714703852
35,1.1,3.680954376,-2.760715782
35,1.1,3.645991813,-2.806727712
35,1.1,3.610104332,-2.852739642
35,1.1,3.573264065,-2.898751571
35,1.1,3.535441228,-2.944763501
35,1.1,3.496603934,-2.990775431
35,1.1,3.456717992,-3.03678736
35,1.1,3.415746666,-3.08279929
35,1.1,3.373650412,-3.12881122
35,1.1,3.330386572,-3.17482315
35,1.1,3.285909028,-3.220835079
35,1.1,3.2401678,-3.266847009
35,1.1,3.19310858,-3.312858939
35,1.1,3.144672199,-3.358870868
35,1.1,3.094793997,-3.404882798
35,1.1,3.043403083,-3.450894728
35,1.1,2.990421472,-3.496906657
35,1.1,2.935763041,-3.542918587
35,1.1,2.8793323,-3.588930517
35,1.1,2.821022893,-3.634942447
35,1.1,2.760715782,-3.680954376
35,1.1,2.698277025,-3.726966306
35,1.1,2.633555009,-3.772978236
35,1.1,2.566376992,-3.818990165
35,1.1,2.496544723,-3.865002095
35,1.1,2.423828799,-3.911014025
35,1.1,2.347961317,-3.957025954
35,1.1,2.268626115,-4.003037884
35,1.1,2.185445574,-4.049049814
35,1.1,2.097962361,-4.095061744
35,1.1,2.005613518,-4.141073673
35,1.1,1.90769256,-4.187085603
35,1.1,1.803291998,-4.233097533
35,1.1,1.691212275,-4.279109462
35,1.1,1.569809445,-4.325121392
35,1.1,1.436722044,-4.371133322
35,1.1,1.288334032,-4.417145251
35,1.1,1.118572629,-4.463157181
35,1.1,0.91562584,-4.509169111
35,1.1,0.649078144,-4.555181041
35,1.1,0,-4.60119297
35,1.1,-4.6,0
35,1.1,-4.59543788,-0.230059649
35,1.1,-4.578129201,-0.460119297
35,1.1,-4.549135058,-0.690178946
35,1.1,-4.508229994,-0.920238594
35,1.1,-4.455085937,-1.150298243
35,1.1,-4.389258348,-1.380357891
35,1.1,-4.310166133,-1.61041754
35,1.1,-4.217063015,-1.840477188
35,1.1,-4.108996709,-2.070536837
35,1.1,-3.98475,-2.300596485
35,1.1,-3.957828407,-2.346608415
35,1.1,-3.930183792,-2.392620345
35,1.1,-3.901800787,-2.438632274
35,1.1,-3.872663157,-2.484644204
35,1.1,-3.842753737,-2.530656134
35,1.1,-3.81205436,-2.576668063
35,1.1,-3.780545781,-2.622679993
35,1.1,-3.748207594,-2.668691923
35,1.1,-3.715018135,-2.714703852
35,1.1,-3.680954376,-2.760715782
35,1.1,-3.645991813,-2.806727712
35,1.1,-3.610104332,-2.852739642
35,1.1,-3.573264065,-2.898751571
35,1.1,-3.535441228,-2.944763501
35,1.1,-3.496603934,-2.990775431
35,1.1,-3.456717992,-3.03678736
35,1.1,-3.415746666,-3.08279929
35,1.1,-3.373650412,-3.12881122
35,1.1,-3.330386572,-3.17482315
35,1.1,-3.285909028,-3.220835079
35,1.1,-3.2401678,-3.266847009
35,1.1,-3.19310858,-3.312858939
35,1.1,-3.144672199,-3.358870868
35,1.1,-3.094793997,-3.404882798
35,1.1,-3.043403083,-3.450894728
35,1.1,-2.990421472,-3.496906657
35,1.1,-2.935763041,-3.542918587
35,1.1,-2.8793323,-3.588930517
35,1.1,-2.821022893,-3.634942447
35,1.1,-2.760715782,-3.680954376
35,1.1,-2.698277025,-3.726966306
35,1.1,-2.633555009,-3.772978236
35,1.1,-2.566376992,-3.818990165
35,1.1,-2.496544723,-3.865002095
35,1.1,-2.423828799,-3.911014025
35,1.1,-2.347961317,-3.957025954
35,1.1,-2.268626115,-4.003037884
35,1.1,-2.185445574,-4.049049814
35,1.1,-2.097962361,-4.095061744
35,1.1,-2.005613518,-4.141073673
35,1.1,-1.90769256,-4.187085603
35,1.1,-1.803291998,-4.233097533
35,1.1,-1.691212275,-4.279109462
35,1.1,-1.569809445,-4.325121392
35,1.1,-1.436722044,-4.371133322
35,1.1,-1.288334032,-4.417145251
35,1.1,-1.118572629,-4.463157181
35,1.1,-0.91562584,-4.509169111
35,1.1,-0.649078144,-4.555181041
35,1.1,0,-4.60119297
40,0.9,3.996,0
40,0.9,3.991001874,0.1998
40,0.9,3.975969799,0.3996
40,0.9,3.950789243,0.5994
40,0.9,3.915264405,0.7992
40,0.9,3.869110363,0.999
40,0.9,3.811941049,1.1988
40,0.9,3.7432518,1.3986
40,0.9,3.662394495,1.5984
40,0.9,3.568542106,1.7982
40,0.9,3.460637514,1.998
40,0.9,3.437256906,2.03796
40,0.9,3.413248376,2.07792
40,0.9,3.388598575,2.11788
40,0.9,3.363293406,2.15784
40,0.9,3.337317959,2.1978
40,0.9,3.310656458,2.23776
40,0.9,3.283292189,2.27772
40,0.9,3.255207431,2.31768
40,0.9,3.226383367,2.35764
40,0.9,3.1968,2.3976
40,0.9,3.166436048,2.43756
40,0.9,3.135268832,2.47752
40,0.9,3.10327415,2.51748
40,0.9,3.070426134,2.55744
40,0.9,3.036697094,2.5974
40,0.9,3.002057333,2.63736
40,0.9,2.966474948,2.67732
40,0.9,2.929915596,2.71728
40,0.9,2.892342231,2.75724
40,0.9,2.8537148,2.7972
40,0.9,2.813989896,2.83716
40,0.9,2.773120355,2.87712
40,0.9,2.731054791,2.91708
40,0.9,2.687737048,2.95704
40,0.9,2.64310556,2.997
40,0.9,2.597092597,3.03696
40,0.9,2.549623367,3.07692
40,0.9,2.500614937,3.11688
40,0.9,2.449974942,3.15684
40,0.9,2.3976,3.1968
40,0.9,2.343373786,3.23676
40,0.9,2.287164629,3.27672
40,0.9,2.228822509,3.31668
40,0.9,2.168175249,3.35664
40,0.9,2.10502362,3.3966
40,0.9,2.039134955,3.43656
40,0.9,1.970234679,3.47652
40,0.9,1.897994839,3.51648
40,0.9,1.822018256,3.55644
40,0.9,1.741816018,3.5964
40,0.9,1.656774562,3.63636
40,0.9,1.566105762,3.67632
40,0.9,1.468767838,3.71628
40,0.9,1.363333071,3.75624
40,0.9,1.2477506,3.7962
40,0.9,1.11888,3.83616
40,0.9,0.971447243,3.87612
40,0.9,0.79519396,3.91608
40,0.9,0.56370517,3.95604
40,0.9,0,3.996
40,0.9,-3.996,0
40,0.9,-3.996,0.00003996
40,0.9,-3.991001874,0.1998
40,0.9,-3.975969799,0.3996
40,0.9,-3.950789243,0.5994
40,0.9,-3.915264405,0.7992
40,0.9,-3.869110363,0.999
40,0.9,-3.811941049,1.1988
40,0.9,-3.7432518,1.3986
40,0.9,-3.662394495,1.5984
40,0.9,-3.568542106,1.7982
40,0.9,-3.460637514,1.998
40,0.9,-3.437256906,2.03796
40,0.9,-3.413248376,2.07792
40,0.9,-3.388598575,2.11788
40,0.9,-3.363293406,2.15784
40,0.9,-3.337317959,2.1978
40,0.9,-3.310656458,2.23776
40,0.9,-3.283292189,2.27772
40,0.9,-3.255207431,2.31768
40,0.9,-3.226383367,2.35764
40,0.9,-3.1968,2.3976
40,0.9,-3.166436048,2.43756
40,0.9,-3.135268832,2.47752
40,0.9,-3.10327415,2.51748
40,0.9,-3.070426134,2.55744
40,0.9,-3.036697094,2.5974
40,0.9,-3.002057333,2.63736
40,0.9,-2.966474948,2.67732
40,0.9,-2.929915596,2.71728
40,0.9,-2.892342231,2.75724
40,0.9,-2.8537148,2.7972
40,0.9,-2.813989896,2.83716
40,0.9,-2.773120355,2.87712
40,0.9,-2.731054791,2.91708
40,0.9,-2.687737048,2.95704
40,0.9,-2.64310556,2.997
40,0.9,-2.597092597,3.03696
40,0.9,-2.549623367,3.07692
40,0.9,-2.500614937,3.11688
40,0.9,-2.449974942,3.15684
40,0.9,-2.3976,3.1968
40,0.9,-2.343373786,3.23676
40,0.9,-2.287164629,3.27672
40,0.9,-2.228822509,3.31668
40,0.9,-2.168175249,3.35664
40,0.9,-2.10502362,3.3966
40,0.9,-2.039134955,3.43656
40,0.9,-1.970234679,3.47652
40,0.9,-1.897994839,3.51648
40,0.9,-1.822018256,3.55644
40,0.9,-1.741816018,3.5964
40,0.9,-1.656774562,3.63636
40,0.9,-1.566105762,3.67632
40,0.9,-1.468767838,3.71628
40,0.9,-1.363333071,3.75624
40,0.9,-1.2477506,3.7962
40,0.9,-1.11888,3.83616
40,0.9,-0.971447243,3.87612
40,0.9,-0.79519396,3.91608
40,0.9,-0.56370517,3.95604
40,0.9,0,3.996
40,0.9,3.996,0
40,0.9,3.991001874,-0.1998
40,0.9,3.975969799,-0.3996
40,0.9,3.950789243,-0.5994
40,0.9,3.915264405,-0.7992
40,0.9,3.869110363,-0.999
40,0.9,3.811941049,-1.1988
40,0.9,3.7432518,-1.3986
40,0.9,3.662394495,-1.5984
40,0.9,3.568542106,-1.7982
40,0.9,3.460637514,-1.998
40,0.9,3.437256906,-2.03796
40,0.9,3.413248376,-2.07792
40,0.9,3.388598575,-2.11788
40,0.9,3.363293406,-2.15784
40,0.9,3.337317959,-2.1978
40,0.9,3.310656458,-2.23776
40,0.9,3.283292189,-2.27772
40,0.9,3.255207431,-2.31768
40,0.9,3.226383367,-2.35764
40,0.9,3.1968,-2.3976
40,0.9,3.166436048,-2.43756
40,0.9,3.135268832,-2.47752
40,0.9,3.10327415,-2.51748
40,0.9,3.070426134,-2.55744
40,0.9,3.036697094,-2.5974
40,0.9,3.002057333,-2.63736
40,0.9,2.966474948,-2.67732
40,0.9,2.929915596,-2.71728
40,0.9,2.892342231,-2.75724
40,0.9,2.8537148,-2.7972
40,0.9,2.813989896,-2.83716
40,0.9,2.773120355,-2.87712
40,0.9,2.731054791,-2.91708
40,0.9,2.687737048,-2.95704
40,0.9,2.64310556,-2.997
40,0.9,2.597092597,-3.03696
40,0.9,2.549623367,-3.07692
40,0.9,2.500614937,-3.11688
40,0.9,2.449974942,-3.15684
40,0.9,2.3976,-3.1968
40,0.9,2.343373786,-3.23676
40,0.9,2.287164629,-3.27672
40,0.9,2.228822509,-3.31668
40,0.9,2.168175249,-3.35664
40,0.9,2.10502362,-3.3966
40,0.9,2.039134955,-3.43656
40,0.9,1.970234679,-3.47652
40,0.9,1.897994839,-3.51648
40,0.9,1.822018256,-3.55644
40,0.9,1.741816018,-3.5964
40,0.9,1.656774562,-3.63636
40,0.9,1.566105762,-3.67632
40,0.9,1.468767838,-3.71628
40,0.9,1.363333071,-3.75624
40,0.9,1.2477506,-3.7962
40,0.9,1.11888,-3.83616
40,0.9,0.971447243,-3.87612
40,0.9,0.79519396,-3.91608
40,0.9,0.56370517,-3.95604
40,0.9,0,-3.996
40,0.9,-3.996,0
40,0.9,-3.991001874,-0.1998
40,0.9,-3.975969799,-0.3996
40,0.9,-3.950789243,-0.5994
40,0.9,-3.915264405,-0.7992
40,0.9,-3.869110363,-0.999
40,0.9,-3.811941049,-1.1988
40,0.9,-3.7432518,-1.3986
40,0.9,-3.662394495,-1.5984
40,0.9,-3.568542106,-1.7982
40,0.9,-3.460637514,-1.998
40,0.9,-3.437256906,-2.03796
40,0.9,-3.413248376,-2.07792
40,0.9,-3.388598575,-2.11788
40,0.9,-3.363293406,-2.15784
40,0.9,-3.337317959,-2.1978
40,0.9,-3.310656458,-2.23776
40,0.9,-3.283292189,-2.27772
40,0.9,-3.255207431,-2.31768
40,0.9,-3.226383367,-2.35764
40,0.9,-3.1968,-2.3976
40,0.9,-3.166436048,-2.43756
40,0.9,-3.135268832,-2.47752
40,0.9,-3.10327415,-2.51748
40,0.9,-3.070426134,-2.55744
40,0.9,-3.036697094,-2.5974
40,0.9,-3.002057333,-2.63736
40,0.9,-2.966474948,-2.67732
40,0.9,-2.929915596,-2.71728
40,0.9,-2.892342231,-2.75724
40,0.9,-2.8537148,-2.7972
40,0.9,-2.813989896,-2.83716
40,0.9,-2.773120355,-2.87712
40,0.9,-2.731054791,-2.91708
40,0.9,-2.687737048,-2.95704
40,0.9,-2.64310556,-2.997
40,0.9,-2.597092597,-3.03696
40,0.9,-2.549623367,-3.07692
40,0.9,-2.500614937,-3.11688
40,0.9,-2.449974942,-3.15684
40,0.9,-2.3976,-3.1968
40,0.9,-2.343373786,-3.23676
40,0.9,-2.287164629,-3.27672
40,0.9,-2.228822509,-3.31668
40,0.9,-2.168175249,-3.35664
40,0.9,-2.10502362,-3.3966
40,0.9,-2.039134955,-3.43656
40,0.9,-1.970234679,-3.47652
40,0.9,-1.897994839,-3.51648
40,0.9,-1.822018256,-3.55644
40,0.9,-1.741816018,-3.5964
40,0.9,-1.656774562,-3.63636
40,0.9,-1.566105762,-3.67632
40,0.9,-1.468767838,-3.71628
40,0.9,-1.363333071,-3.75624
40,0.9,-1.2477506,-3.7962
40,0.9,-1.11888,-3.83616
40,0.9,-0.971447243,-3.87612
40,0.9,-0.79519396,-3.91608
40,0.9,-0.56370517,-3.95604
40,0.9,0,-3.996
40,1,4.44,0
40,1,4.434446527,0.222
40,1,4.417744221,0.444
40,1,4.389765825,0.666
40,1,4.350293783,0.888
40,1,4.299011514,1.11
40,1,4.235490054,1.332
40,1,4.159168667,1.554
40,1,4.069327217,1.776
40,1,3.965046784,1.998
40,1,3.845152793,2.22
40,1,3.81917434,2.2644
40,1,3.792498195,2.3088
40,1,3.765109528,2.3532
40,1,3.736992673,2.3976
40,1,3.708131066,2.442
40,1,3.678507175,2.4864
40,1,3.648102433,2.5308
40,1,3.616897145,2.5752
40,1,3.584870408,2.6196
40,1,3.552,2.664
40,1,3.518262276,2.7084
40,1,3.483632036,2.7528
40,1,3.448082389,2.7972
40,1,3.411584594,2.8416
40,1,3.374107882,2.886
40,1,3.335619259,2.9304
40,1,3.296083276,2.9748
40,1,3.255461774,3.0192
40,1,3.21371359,3.0636
40,1,3.170794222,3.108
40,1,3.12665544,3.1524
40,1,3.081244839,3.1968
40,1,3.034505324,3.2412
40,1,2.986374498,3.2856
40,1,2.936783955,3.33
40,1,2.885658441,3.3744
40,1,2.832914852,3.4188
40,1,2.778461042,3.4632
40,1,2.72219438,3.5076
40,1,2.664,3.552
40,1,2.603748651,3.5964
40,1,2.541294033,3.6408
40,1,2.476469455,3.6852
40,1,2.40908361,3.7296
40,1,2.338915133,3.774
40,1,2.265705506,3.8184
40,1,2.189149643,3.8628
40,1,2.108883155,3.9072
40,1,2.024464729,3.9516
40,1,1.935351131,3.996
40,1,1.840860625,4.0404
40,1,1.740117513,4.0848
40,1,1.631964264,4.1292
40,1,1.514814523,4.1736
40,1,1.386389556,4.218
40,1,1.2432,4.2624
40,1,1.079385825,4.3068
40,1,0.883548844,4.3512
40,1,0.626339077,4.3956
40,1,0,4.44
40,1,-4.44,0
40,1,-4.434446527,0.222
40,1,-4.417744221,0.444
40,1,-4.389765825,0.666
40,1,-4.350293783,0.888
40,1,-4.299011514,1.11
40,1,-4.235490054,1.332
40,1,-4.159168667,1.554
40,1,-4.069327217,1.776
40,1,-3.965046784,1.998
40,1,-3.845152793,2.22
40,1,-3.81917434,2.2644
40,1,-3.792498195,2.3088
40,1,-3.765109528,2.3532
40,1,-3.736992673,2.3976
40,1,-3.708131066,2.442
40,1,-3.678507175,2.4864
40,1,-3.648102433,2.5308
40,1,-3.616897145,2.5752
40,1,-3.584870408,2.6196
40,1,-3.552,2.664
40,1,-3.518262276,2.7084
40,1,-3.483632036,2.7528
40,1,-3.448082389,2.7972
40,1,-3.411584594,2.8416
40,1,-3.374107882,2.886
40,1,-3.335619259,2.9304
40,1,-3.296083276,2.9748
40,1,-3.255461774,3.0192
40,1,-3.21371359,3.0636
40,1,-3.170794222,3.108
40,1,-3.12665544,3.1524
40,1,-3.081244839,3.1968
40,1,-3.034505324,3.2412
40,1,-2.986374498,3.2856
40,1,-2.936783955,3.33
40,1,-2.885658441,3.3744
40,1,-2.832914852,3.4188
40,1,-2.778461042,3.4632
40,1,-2.72219438,3.5076
40,1,-2.664,3.552
40,1,-2.603748651,3.5964
40,1,-2.541294033,3.6408
40,1,-2.476469455,3.6852
40,1,-2.40908361,3.7296
40,1,-2.338915133,3.774
40,1,-2.265705506,3.8184
40,1,-2.189149643,3.8628
40,1,-2.108883155,3.9072
40,1,-2.024464729,3.9516
40,1,-1.935351131,3.996
40,1,-1.840860625,4.0404
40,1,-1.740117513,4.0848
40,1,-1.631964264,4.1292
40,1,-1.514814523,4.1736
40,1,-1.386389556,4.218
40,1,-1.2432,4.2624
40,1,-1.079385825,4.3068
40,1,-0.883548844,4.3512
40,1,-0.626339077,4.3956
40,1,0,4.44
40,1,4.401141102,0
40,1,4.395636233,-0.220057055
40,1,4.379080105,-0.44011411
40,1,4.351346577,-0.660171165
40,1,4.312219994,-0.88022822
40,1,4.261386548,-1.100285276
40,1,4.198421028,-1.320342331
40,1,4.122767606,-1.540399386
40,1,4.033712449,-1.760456441
40,1,3.930344679,-1.980513496
40,1,3.8115,-2.200570551
40,1,3.785748911,-2.244581962
40,1,3.759306236,-2.288593373
40,1,3.732157274,-2.332604784
40,1,3.704286498,-2.376616195
40,1,3.675677488,-2.420627606
40,1,3.646312866,-2.464639017
40,1,3.616174226,-2.508650428
40,1,3.585242047,-2.552661839
40,1,3.553495607,-2.59667325
40,1,3.520912882,-2.640684661
40,1,3.48747043,-2.684696072
40,1,3.453143274,-2.728707483
40,1,3.417904758,-2.772718894
40,1,3.381726392,-2.816730305
40,1,3.344577676,-2.860741716
40,1,3.306425906,-2.904753127
40,1,3.267235941,-2.948764538
40,1,3.226969959,-2.992775949
40,1,3.185587156,-3.03678736
40,1,3.143043418,-3.080798771
40,1,3.099290939,-3.124810182
40,1,3.054277772,-3.168821593
40,1,3.007947321,-3.212833004
40,1,2.960237736,-3.256844416
40,1,2.91108121,-3.300855827
40,1,2.860403147,-3.344867238
40,1,2.80812117,-3.388878649
40,1,2.754143939,-3.43289006
40,1,2.698369723,-3.476901471
40,1,2.640684661,-3.520912882
40,1,2.580960633,-3.564924293
40,1,2.519052617,-3.608935704
40,1,2.454795384,-3.652947115
40,1,2.387999301,-3.696958526
40,1,2.318444938,-3.740969937
40,1,2.245876042,-3.784981348
40,1,2.169990197,-3.828992759
40,1,2.090426201,-3.87300417
40,1,2.006746606,-3.917015581
40,1,1.91841293,-3.961026992
40,1,1.824749405,-4.005038403
40,1,1.724887998,-4.049049814
40,1,1.617681306,-4.093061225
40,1,1.50155686,-4.137072636
40,1,1.374255869,-4.181084047
40,1,1.232319509,-4.225095458
40,1,1.069939036,-4.269106869
40,1,0.875816021,-4.31311828
40,1,0.620857355,-4.357129691
40,1,0,-4.401141102
40,1,-4.44,0
40,1,-4.434446527,-0.222
40,1,-4.417744221,-0.444
40,1,-4.389765825,-0.666
40,1,-4.350293783,-0.888
40,1,-4.299011514,-1.11
40,1,-4.235490054,-1.332
40,1,-4.159168667,-1.554
40,1,-4.069327217,-1.776
40,1,-3.965046784,-1.998
40,1,-3.845152793,-2.22
40,1,-3.81917434,-2.2644
40,1,-3.792498195,-2.3088
40,1,-3.765109528,-2.3532
40,1,-3.736992673,-2.3976
40,1,-3.708131066,-2.442
40,1,-3.678507175,-2.4864
40,1,-3.648102433,-2.5308
40,1,-3.616897145,-2.5752
40,1,-3.584870408,-2.6196
40,1,-3.552,-2.664
40,1,-3.518262276,-2.7084
40,1,-3.483632036,-2.7528
40,1,-3.448082389,-2.7972
40,1,-3.411584594,-2.8416
40,1,-3.374107882,-2.886
40,1,-3.335619259,-2.9304
40,1,-3.296083276,-2.9748
40,1,-3.255461774,-3.0192
40,1,-3.21371359,-3.0636
40,1,-3.170794222,-3.108
40,1,-3.12665544,-3.1524
40,1,-3.081244839,-3.1968
40,1,-3.034505324,-3.2412
40,1,-2.986374498,-3.2856
40,1,-2.936783955,-3.33
40,1,-2.885658441,-3.3744
40,1,-2.832914852,-3.4188
40,1,-2.778461042,-3.4632
40,1,-2.72219438,-3.5076
40,1,-2.664,-3.552
40,1,-2.603748651,-3.5964
40,1,-2.541294033,-3.6408
40,1,-2.476469455,-3.6852
40,1,-2.40908361,-3.7296
40,1,-2.338915133,-3.774
40,1,-2.265705506,-3.8184
40,1,-2.189149643,-3.8628
40,1,-2.108883155,-3.9072
40,1,-2.024464729,-3.9516
40,1,-1.935351131,-3.996
40,1,-1.840860625,-4.0404
40,1,-1.740117513,-4.0848
40,1,-1.631964264,-4.1292
40,1,-1.514814523,-4.1736
40,1,-1.386389556,-4.218
40,1,-1.2432,-4.2624
40,1,-1.079385825,-4.3068
40,1,-0.883548844,-4.3512
40,1,-0.626339077,-4.3956
40,1,0,-4.44
40,1.1,3.709092737,0
40,1.1,3.709092737,0.222057574
40,1.1,3.709092737,0.444115148
40,1.1,3.709092737,0.666172721
40,1.1,3.709092737,0.888230295
40,1.1,3.709092737,1.110287869
40,1.1,3.709092737,1.332345443
40,1.1,3.709092737,1.554403016
40,1.1,3.709092737,1.77646059
40,1.1,3.709092737,1.998518164
40,1.1,3.709092737,2.220575738
40,1.1,3.709092737,2.264987253
40,1.1,3.709092737,2.309398767
40,1.1,3.709092737,2.353810282
40,1.1,3.709092737,2.398221797
40,1.1,3.709092737,2.442633312
40,1.1,3.679461165,2.487044826
40,1.1,3.649048537,2.531456341
40,1.1,3.617835156,2.575867856
40,1.1,3.585800113,2.620279371
40,1.1,3.552921181,2.664690885
40,1.1,3.519174707,2.7091024
40,1.1,3.484535486,2.753513915
40,1.1,3.448976619,2.79792543
40,1.1,3.412469359,2.842336944
40,1.1,3.374982928,2.886748459
40,1.1,3.336484323,2.931159974
40,1.1,3.296938086,2.975571489
40,1.1,3.25630605,3.019983003
40,1.1,3.214547039,3.064394518
40,1.1,3.17161654,3.108806033
40,1.1,3.127466311,3.153217548
40,1.1,3.082043934,3.197629062
40,1.1,3.035292297,3.242040577
40,1.1,2.987148988,3.286452092
40,1.1,2.937545585,3.330863607
40,1.1,2.886406812,3.375275122
40,1.1,2.833649544,3.419686636
40,1.1,2.779181612,3.464098151
40,1.1,2.722900357,3.508509666
40,1.1,2.664690885,3.552921181
40,1.1,2.604423911,3.597332695
40,1.1,2.541953095,3.64174421
40,1.1,2.477111706,3.686155725
40,1.1,2.409708385,3.73056724
40,1.1,2.339521711,3.774978754
40,1.1,2.266293097,3.819390269
40,1.1,2.18971738,3.863801784
40,1.1,2.109430075,3.908213299
40,1.1,2.024989757,3.952624813
40,1.1,1.935853048,3.997036328
40,1.1,1.841338036,4.041447843
40,1.1,1.740568798,4.085859358
40,1.1,1.6323875,4.130270872
40,1.1,1.515207377,4.174682387
40,1.1,1.386749104,4.219093902
40,1.1,1.243522413,4.263505417
40,1.1,1.079665755,4.307916931
40,1.1,0.883777985,4.352328446
40,1.1,0.626501513,4.396739961
40,1.1,0,4.441151476
40,1.1,-4.441151476,0
40,1.1,-4.435596562,0.222057574
40,1.1,-4.418889925,0.444115148
40,1.1,-4.390904273,0.666172721
40,1.1,-4.351421994,0.888230295
40,1.1,-4.300126426,1.110287869
40,1.1,-4.236588492,1.332345443
40,1.1,-4.160247311,1.554403016
40,1.1,-4.070382562,1.77646059
40,1.1,-3.966075085,1.998518164
40,1.1,-3.84615,2.220575738
40,1.1,-3.82016481,2.264987253
40,1.1,-3.793481747,2.309398767
40,1.1,-3.766085977,2.353810282
40,1.1,-3.73796183,2.398221797
40,1.1,-3.709092737,2.442633312
40,1.1,-3.679461165,2.487044826
40,1.1,-3.649048537,2.531456341
40,1.1,-3.617835156,2.575867856
40,1.1,-3.585800113,2.620279371
40,1.1,-3.552921181,2.664690885
40,1.1,-3.519174707,2.7091024
40,1.1,-3.484535486,2.753513915
40,1.1,-3.448976619,2.79792543
40,1.1,-3.412469359,2.842336944
40,1.1,-3.374982928,2.886748459
40,1.1,-3.336484323,2.931159974
40,1.1,-3.296938086,2.975571489
40,1.1,-3.25630605,3.019983003
40,1.1,-3.214547039,3.064394518
40,1.1,-3.17161654,3.108806033
40,1.1,-3.127466311,3.153217548
40,1.1,-3.082043934,3.197629062
40,1.1,-3.035292297,3.242040577
40,1.1,-2.987148988,3.286452092
40,1.1,-2.937545585,3.330863607
40,1.1,-2.886406812,3.375275122
40,1.1,-2.833649544,3.419686636
40,1.1,-2.779181612,3.464098151
40,1.1,-2.722900357,3.508509666
40,1.1,-2.664690885,3.552921181
40,1.1,-2.604423911,3.597332695
40,1.1,-2.541953095,3.64174421
40,1.1,-2.477111706,3.686155725
40,1.1,-2.409708385,3.73056724
40,1.1,-2.339521711,3.774978754
40,1.1,-2.266293097,3.819390269
40,1.1,-2.18971738,3.863801784
40,1.1,-2.109430075,3.908213299
40,1.1,-2.024989757,3.952624813
40,1.1,-1.935853048,3.997036328
40,1.1,-1.841338036,4.041447843
40,1.1,-1.740568798,4.085859358
40,1.1,-1.6323875,4.130270872
40,1.1,-1.515207377,4.174682387
40,1.1,-1.386749104,4.219093902
40,1.1,-1.243522413,4.263505417
40,1.1,-1.079665755,4.307916931
40,1.1,-0.883777985,4.352328446
40,1.1,-0.626501513,4.396739961
40,1.1,0,4.441151476
40,1.1,-4.441151476,0
40,1.1,-4.435596562,-0.222057574
40,1.1,-4.418889925,-0.444115148
40,1.1,-4.390904273,-0.666172721
40,1.1,-4.351421994,-0.888230295
40,1.1,-4.300126426,-1.110287869
40,1.1,-4.236588492,-1.332345443
40,1.1,-4.160247311,-1.554403016
40,1.1,-4.070382562,-1.77646059
40,1.1,-3.966075085,-1.998518164
40,1.1,-3.84615,-2.220575738
40,1.1,-3.82016481,-2.264987253
40,1.1,-3.793481747,-2.309398767
40,1.1,-3.766085977,-2.353810282
40,1.1,-3.73796183,-2.398221797
40,1.1,-3.709092737,-2.442633312
40,1.1,-3.679461165,-2.487044826
40,1.1,-3.649048537,-2.531456341
40,1.1,-3.617835156,-2.575867856
40,1.1,-3.585800113,-2.620279371
40,1.1,-3.552921181,-2.664690885
40,1.1,-3.519174707,-2.7091024
40,1.1,-3.484535486,-2.753513915
40,1.1,-3.448976619,-2.79792543
40,1.1,-3.412469359,-2.842336944
40,1.1,-3.374982928,-2.886748459
40,1.1,-3.336484323,-2.931159974
40,1.1,-3.296938086,-2.975571489
40,1.1,-3.25630605,-3.019983003
40,1.1,-3.214547039,-3.064394518
40,1.1,-3.17161654,-3.108806033
40,1.1,-3.127466311,-3.153217548
40,1.1,-3.082043934,-3.197629062
40,1.1,-3.035292297,-3.242040577
40,1.1,-2.987148988,-3.286452092
40,1.1,-2.937545585,-3.330863607
40,1.1,-2.886406812,-3.375275122
40,1.1,-2.833649544,-3.419686636
40,1.1,-2.779181612,-3.464098151
40,1.1,-2.722900357,-3.508509666
40,1.1,-2.664690885,-3.552921181
40,1.1,-2.604423911,-3.597332695
40,1.1,-2.541953095,-3.64174421
40,1.1,-2.477111706,-3.686155725
40,1.1,-2.409708385,-3.73056724
40,1.1,-2.339521711,-3.774978754
40,1.1,-2.266293097,-3.819390269
40,1.1,-2.18971738,-3.863801784
40,1.1,-2.109430075,-3.908213299
40,1.1,-2.024989757,-3.952624813
40,1.1,-1.935853048,-3.997036328
40,1.1,-1.841338036,-4.041447843
40,1.1,-1.740568798,-4.085859358
40,1.1,-1.6323875,-4.130270872
40,1.1,-1.515207377,-4.174682387
40,1.1,-1.386749104,-4.219093902
40,1.1,-1.243522413,-4.263505417
40,1.1,-1.079665755,-4.307916931
40,1.1,-0.883777985,-4.352328446
40,1.1,-0.626501513,-4.396739961
40,1.1,0,-4.441151476
40,1.1,4.401141102,0
40,1.1,4.395636233,-0.220057055
40,1.1,4.379080105,-0.44011411
40,1.1,4.351346577,-0.660171165
40,1.1,4.312219994,-0.88022822
40,1.1,4.261386548,-1.100285276
40,1.1,4.198421028,-1.320342331
40,1.1,4.122767606,-1.540399386
40,1.1,4.033712449,-1.760456441
40,1.1,3.930344679,-1.980513496
40,1.1,3.8115,-2.200570551
40,1.1,3.785748911,-2.244581962
40,1.1,3.759306236,-2.288593373
40,1.1,3.732157274,-2.332604784
40,1.1,3.704286498,-2.376616195
40,1.1,3.675677488,-2.420627606
40,1.1,3.646312866,-2.464639017
40,1.1,3.616174226,-2.508650428
40,1.1,3.585242047,-2.552661839
40,1.1,3.553495607,-2.59667325
40,1.1,3.520912882,-2.640684661
40,1.1,3.48747043,-2.684696072
40,1.1,3.453143274,-2.728707483
40,1.1,3.417904758,-2.772718894
40,1.1,3.381726392,-2.816730305
40,1.1,3.344577676,-2.860741716
40,1.1,3.306425906,-2.904753127
40,1.1,3.267235941,-2.948764538
40,1.1,3.226969959,-2.992775949
40,1.1,3.185587156,-3.03678736
40,1.1,3.143043418,-3.080798771
40,1.1,3.099290939,-3.124810182
40,1.1,3.054277772,-3.168821593
40,1.1,3.007947321,-3.212833004
40,1.1,2.960237736,-3.256844416
40,1.1,2.91108121,-3.300855827
40,1.1,2.860403147,-3.344867238
40,1.1,2.80812117,-3.388878649
40,1.1,2.754143939,-3.43289006
40,1.1,2.698369723,-3.476901471
40,1.1,2.640684661,-3.520912882
40,1.1,2.580960633,-3.564924293
40,1.1,2.519052617,-3.608935704
40,1.1,2.454795384,-3.652947115
40,1.1,2.387999301,-3.696958526
40,1.1,2.318444938,-3.740969937
40,1.1,2.245876042,-3.784981348
40,1.1,2.169990197,-3.828992759
40,1.1,2.090426201,-3.87300417
40,1.1,2.006746606,-3.917015581
40,1.1,1.91841293,-3.961026992
40,1.1,1.824749405,-4.005038403
40,1.1,1.724887998,-4.049049814
40,1.1,1.617681306,-4.093061225
40,1.1,1.50155686,-4.137072636
40,1.1,1.374255869,-4.181084047
40,1.1,1.232319509,-4.225095458
40,1.1,1.069939036,-4.269106869
40,1.1,0.875816021,-4.31311828
40,1.1,0.620857355,-4.357129691
40,1.1,0,-4.401141102
50,0.9,3.726,0
50,0.9,3.726,0.00003726
50,0.9,3.721339585,0.1863
50,0.9,3.707323191,0.3726
50,0.9,3.683844024,0.5589
50,0.9,3.650719513,0.7452
50,0.9,3.607683987,0.9315
50,0.9,3.554377464,1.1178
50,0.9,3.490329381,1.3041
50,0.9,3.414935408,1.4904
50,0.9,3.327424396,1.6767
50,0.9,3.226810655,1.863
50,0.9,3.205009818,1.90026
50,0.9,3.182623485,1.93752
50,0.9,3.159639212,1.97478
50,0.9,3.136043851,2.01204
50,0.9,3.111823502,2.0493
50,0.9,3.086963454,2.08656
50,0.9,3.061448123,2.12382
50,0.9,3.035260983,2.16108
50,0.9,3.008384491,2.19834
50,0.9,2.9808,2.2356
50,0.9,2.952487666,2.27286
50,0.9,2.923426343,2.31012
50,0.9,2.893593464,2.34738
50,0.9,2.862964909,2.38464
50,0.9,2.831514858,2.4219
50,0.9,2.799215621,2.45916
50,0.9,2.766037452,2.49642
50,0.9,2.731948326,2.53368
50,0.9,2.696913702,2.57094
50,0.9,2.660896232,2.6082
50,0.9,2.623855444,2.64546
50,0.9,2.585747358,2.68272
50,0.9,2.546524062,2.71998
50,0.9,2.506133193,2.75724
50,0.9,2.464517346,2.7945
50,0.9,2.421613368,2.83176
50,0.9,2.377351518,2.86902
50,0.9,2.331654469,2.90628
50,0.9,2.284436094,2.94354
50,0.9,2.2356,2.9808
50,0.9,2.18503772,3.01806
50,0.9,2.132626479,3.05532
50,0.9,2.078226394,3.09258
50,0.9,2.021676921,3.12984
50,0.9,1.962792294,3.1671
50,0.9,1.901355567,3.20436
50,0.9,1.837110714,3.24162
50,0.9,1.769751945,3.27888
50,0.9,1.698908915,3.31614
50,0.9,1.624125746,3.3534
50,0.9,1.544830335,3.39066
50,0.9,1.460287805,3.42792
50,0.9,1.369526768,3.46518
50,0.9,1.271215972,3.50244
50,0.9,1.163443127,3.5397
50,0.9,1.04328,3.57696
50,0.9,0.905808916,3.61422
50,0.9,0.741464638,3.65148
50,0.9,0.525616983,3.68874
50,0.9,0,3.726
50,0.9,-3.726,0
50,0.9,-3.726,0.00003726
50,0.9,-3.721339585,0.1863
50,0.9,-3.707323191,0.3726
50,0.9,-3.683844024,0.5589
50,0.9,-3.650719513,0.7452
50,0.9,-3.607683987,0.9315
50,0.9,-3.554377464,1.1178
50,0.9,-3.490329381,1.3041
50,0.9,-3.414935408,1.4904
50,0.9,-3.327424396,1.6767
50,0.9,-3.226810655,1.863
50,0.9,-3.205009818,1.90026
50,0.9,-3.182623485,1.93752
50,0.9,-3.159639212,1.97478
50,0.9,-3.136043851,2.01204
50,0.9,-3.111823502,2.0493
50,0.9,-3.086963454,2.08656
50,0.9,-3.061448123,2.12382
50,0.9,-3.035260983,2.16108
50,0.9,-3.008384491,2.19834
50,0.9,-2.9808,2.2356
50,0.9,-2.952487666,2.27286
50,0.9,-2.923426343,2.31012
50,0.9,-2.893593464,2.34738
50,0.9,-2.862964909,2.38464
50,0.9,-2.831514858,2.4219
50,0.9,-2.799215621,2.45916
50,0.9,-2.766037452,2.49642
50,0.9,-2.731948326,2.53368
50,0.9,-2.696913702,2.57094
50,0.9,-2.660896232,2.6082
50,0.9,-2.623855444,2.64546
50,0.9,-2.585747358,2.68272
50,0.9,-2.546524062,2.71998
50,0.9,-2.506133193,2.75724
50,0.9,-2.464517346,2.7945
50,0.9,-2.421613368,2.83176
50,0.9,-2.377351518,2.86902
50,0.9,-2.331654469,2.90628
50,0.9,-2.284436094,2.94354
50,0.9,-2.2356,2.9808
50,0.9,-2.18503772,3.01806
50,0.9,-2.132626479,3.05532
50,0.9,-2.078226394,3.09258
50,0.9,-2.021676921,3.12984
50,0.9,-1.962792294,3.1671
50,0.9,-1.901355567,3.20436
50,0.9,-1.837110714,3.24162
50,0.9,-1.769751945,3.27888
50,0.9,-1.698908915,3.31614
50,0.9,-1.624125746,3.3534
50,0.9,-1.544830335,3.39066
50,0.9,-1.460287805,3.42792
50,0.9,-1.369526768,3.46518
50,0.9,-1.271215972,3.50244
50,0.9,-1.163443127,3.5397
50,0.9,-1.04328,3.57696
50,0.9,-0.905808916,3.61422
50,0.9,-0.741464638,3.65148
50,0.9,-0.525616983,3.68874
50,0.9,0,3.73E+00
50,0.9,3.718548,0
50,0.9,3.718548,-3.71855E-05
50,0.9,3.713896906,-0.1859274
50,0.9,3.699908544,-0.3718548
50,0.9,3.676476336,-0.5577822
50,0.9,3.643418074,-0.7437096
50,0.9,3.600468619,-0.929637
50,0.9,3.54726871,-1.1155644
50,0.9,3.483348723,-1.3014918
50,0.9,3.408105537,-1.4874192
50,0.9,3.320769547,-1.6733466
50,0.9,3.220357033,-1.859274
50,0.9,3.198599798,-1.89645948
50,0.9,3.176258238,-1.93364496
50,0.9,3.153319934,-1.97083044
50,0.9,3.129771764,-2.00801592
50,0.9,3.105599855,-2.0452014
50,0.9,3.080789527,-2.08238688
50,0.9,3.055325226,-2.11957236
50,0.9,3.029190461,-2.15675784
50,0.9,3.002367722,-2.19394332
50,0.9,2.9748384,-2.2311288
50,0.9,2.946582691,-2.26831428
50,0.9,2.917579491,-2.30549976
50,0.9,2.887806277,-2.34268524
50,0.9,2.857238979,-2.37987072
50,0.9,2.825851828,-2.4170562
50,0.9,2.79361719,-2.45424168
50,0.9,2.760505377,-2.49142716
50,0.9,2.72648443,-2.52861264
50,0.9,2.691519875,-2.56579812
50,0.9,2.65557444,-2.6029836
50,0.9,2.618607733,-2.64016908
50,0.9,2.580575864,-2.67735456
50,0.9,2.541431014,-2.71454004
50,0.9,2.501120927,-2.75172552
50,0.9,2.459588312,-2.788911
50,0.9,2.416770141,-2.82609648
50,0.9,2.372596815,-2.86328196
50,0.9,2.32699116,-2.90046744
50,0.9,2.279867222,-2.93765292
50,0.9,2.2311288,-2.9748384
50,0.9,2.180667644,-3.01202388
50,0.9,2.128361226,-3.04920936
50,0.9,2.074069941,-3.08639484
50,0.9,2.017633568,-3.12358032
50,0.9,1.95886671,-3.1607658
50,0.9,1.897552855,-3.19795128
50,0.9,1.833436493,-3.23513676
50,0.9,1.766212441,-3.27232224
50,0.9,1.695511097,-3.30950772
50,0.9,1.620877495,-3.3466932
50,0.9,1.541740674,-3.38387868
50,0.9,1.457367229,-3.42106416
50,0.9,1.366787714,-3.45824964
50,0.9,1.26867354,-3.49543512
50,0.9,1.161116241,-3.5326206
50,0.9,1.04119344,-3.56980608
50,0.9,0.903997298,-3.60699156
50,0.9,0.739981709,-3.64417704
50,0.9,0.524565749,-3.68136252
50,0.9,0,-3.72E+00
50,0.9,-3.718548,0
50,0.9,-3.718548,-3.71855E-05
50,0.9,-3.713896906,-0.1859274
50,0.9,-3.699908544,-0.3718548
50,0.9,-3.676476336,-0.5577822
50,0.9,-3.643418074,-0.7437096
50,0.9,-3.600468619,-0.929637
50,0.9,-3.54726871,-1.1155644
50,0.9,-3.483348723,-1.3014918
50,0.9,-3.408105537,-1.4874192
50,0.9,-3.320769547,-1.6733466
50,0.9,-3.220357033,-1.859274
50,0.9,-3.198599798,-1.89645948
50,0.9,-3.176258238,-1.93364496
50,0.9,-3.153319934,-1.97083044
50,0.9,-3.129771764,-2.00801592
50,0.9,-3.105599855,-2.0452014
50,0.9,-3.080789527,-2.08238688
50,0.9,-3.055325226,-2.11957236
50,0.9,-3.029190461,-2.15675784
50,0.9,-3.002367722,-2.19394332
50,0.9,-2.9748384,-2.2311288
50,0.9,-2.946582691,-2.26831428
50,0.9,-2.917579491,-2.30549976
50,0.9,-2.887806277,-2.34268524
50,0.9,-2.857238979,-2.37987072
50,0.9,-2.825851828,-2.4170562
50,0.9,-2.79361719,-2.45424168
50,0.9,-2.760505377,-2.49142716
50,0.9,-2.72648443,-2.52861264
50,0.9,-2.691519875,-2.56579812
50,0.9,-2.65557444,-2.6029836
50,0.9,-2.618607733,-2.64016908
50,0.9,-2.580575864,-2.67735456
50,0.9,-2.541431014,-2.71454004
50,0.9,-2.501120927,-2.75172552
50,0.9,-2.459588312,-2.788911
50,0.9,-2.416770141,-2.82609648
50,0.9,-2.372596815,-2.86328196
50,0.9,-2.32699116,-2.90046744
50,0.9,-2.279867222,-2.93765292
50,0.9,-2.2311288,-2.9748384
50,0.9,-2.180667644,-3.01202388
50,0.9,-2.128361226,-3.04920936
50,0.9,-2.074069941,-3.08639484
50,0.9,-2.017633568,-3.12358032
50,0.9,-1.95886671,-3.1607658
50,0.9,-1.897552855,-3.19795128
50,0.9,-1.833436493,-3.23513676
50,0.9,-1.766212441,-3.27232224
50,0.9,-1.695511097,-3.30950772
50,0.9,-1.620877495,-3.3466932
50,0.9,-1.541740674,-3.38387868
50,0.9,-1.457367229,-3.42106416
50,0.9,-1.366787714,-3.45824964
50,0.9,-1.26867354,-3.49543512
50,0.9,-1.161116241,-3.5326206
50,0.9,-1.04119344,-3.56980608
50,0.9,-0.903997298,-3.60699156
50,0.9,-0.739981709,-3.64417704
50,1,-0.524565749,-3.68136252
50,1,0,-3.718548
50,1,4.14,0
50,1,4.14,0.0000414
50,1,4.134821762,0.207
50,1,4.11924799,0.414
50,1,4.093160026,0.621
50,1,4.056355014,0.828
50,1,4.008537763,1.035
50,1,3.949308294,1.242
50,1,3.878143757,1.449
50,1,3.794372675,1.656
50,1,3.697138218,1.863
50,1,3.585345172,2.07
50,1,3.56112202,2.1114
50,1,3.536248317,2.1528
50,1,3.510710236,2.1942
50,1,3.484493168,2.2356
50,1,3.457581669,2.277
50,1,3.429959393,2.3184
50,1,3.401609025,2.3598
50,1,3.372512203,2.4012
50,1,3.342649434,2.4426
50,1,3.312,2.484
50,1,3.280541852,2.5254
50,1,3.248251493,2.5668
50,1,3.215103849,2.6082
50,1,3.181072121,2.6496
50,1,3.14612762,2.691
50,1,3.110239579,2.7324
50,1,3.073374946,2.7738
50,1,3.03549814,2.8152
50,1,2.99657078,2.8566
50,1,2.956551369,2.898
50,1,2.915394937,2.9394
50,1,2.87305262,2.9808
50,1,2.82947118,3.0222
50,1,2.784592437,3.0636
50,1,2.738352607,3.105
50,1,2.69068152,3.1464
50,1,2.641501687,3.1878
50,1,2.590727187,3.2292
50,1,2.538262327,3.2706
50,1,2.484,3.312
50,1,2.427819689,3.3534
50,1,2.369584976,3.3948
50,1,2.309140437,3.4362
50,1,2.24630769,3.4776
50,1,2.180880327,3.519
50,1,2.112617296,3.5604
50,1,2.041234127,3.6018
50,1,1.96639105,3.6432
50,1,1.887676572,3.6846
50,1,1.804584163,3.726
50,1,1.71647815,3.7674
50,1,1.622542006,3.8088
50,1,1.521696409,3.8502
50,1,1.412462191,3.8916
50,1,1.292714586,3.933
50,1,1.1592,3.9744
50,1,1.006454351,4.0158
50,1,0.823849598,4.0572
50,1,0.58401887,4.0986
50,1,0,4.14
50,1,-4.14,0
50,1,-4.14,0.0000414
50,1,-4.134821762,0.207
50,1,-4.11924799,0.414
50,1,-4.093160026,0.621
50,1,-4.056355014,0.828
50,1,-4.008537763,1.035
50,1,-3.949308294,1.242
50,1,-3.878143757,1.449
50,1,-3.794372675,1.656
50,1,-3.697138218,1.863
50,1,-3.585345172,2.07
50,1,-3.56112202,2.1114
50,1,-3.536248317,2.1528
50,1,-3.510710236,2.1942
50,1,-3.484493168,2.2356
50,1,-3.457581669,2.277
50,1,-3.429959393,2.3184
50,1,-3.401609025,2.3598
50,1,-3.372512203,2.4012
50,1,-3.342649434,2.4426
50,1,-3.312,2.484
50,1,-3.280541852,2.5254
50,1,-3.248251493,2.5668
50,1,-3.215103849,2.6082
50,1,-3.181072121,2.6496
50,1,-3.14612762,2.691
50,1,-3.110239579,2.7324
50,1,-3.073374946,2.7738
50,1,-3.03549814,2.8152
50,1,-2.99657078,2.8566
50,1,-2.956551369,2.898
50,1,-2.915394937,2.9394
50,1,-2.87305262,2.9808
50,1,-2.82947118,3.0222
50,1,-2.784592437,3.0636
50,1,-2.738352607,3.105
50,1,-2.69068152,3.1464
50,1,-2.641501687,3.1878
50,1,-2.590727187,3.2292
50,1,-2.538262327,3.2706
50,1,-2.484,3.312
50,1,-2.427819689,3.3534
50,1,-2.369584976,3.3948
50,1,-2.309140437,3.4362
50,1,-2.24630769,3.4776
50,1,-2.180880327,3.519
50,1,-2.112617296,3.5604
50,1,-2.041234127,3.6018
50,1,-1.96639105,3.6432
50,1,-1.887676572,3.6846
50,1,-1.804584163,3.726
50,1,-1.71647815,3.7674
50,1,-1.622542006,3.8088
50,1,-1.521696409,3.8502
50,1,-1.412462191,3.8916
50,1,-1.292714586,3.933
50,1,-1.1592,3.9744
50,1,-1.006454351,4.0158
50,1,-0.823849598,4.0572
50,1,-0.58401887,4.0986
50,1,0,4.14
50,1,4.13172,0
50,1,4.13172,-4.13172E-05
50,1,4.126552118,-0.206586
50,1,4.111009494,-0.413172
50,1,4.084973706,-0.619758
50,1,4.048242304,-0.826344
50,1,4.000520688,-1.03293
50,1,3.941409677,-1.239516
50,1,3.870387469,-1.446102
50,1,3.78678393,-1.652688
50,1,3.689743941,-1.859274
50,1,3.578174481,-2.06586
50,1,3.553999776,-2.1071772
50,1,3.52917582,-2.1484944
50,1,3.503688815,-2.1898116
50,1,3.477524182,-2.2311288
50,1,3.450666506,-2.272446
50,1,3.423099475,-2.3137632
50,1,3.394805807,-2.3550804
50,1,3.365767179,-2.3963976
50,1,3.335964135,-2.4377148
50,1,3.305376,-2.479032
50,1,3.273980768,-2.5203492
50,1,3.24175499,-2.5616664
50,1,3.208673641,-2.6029836
50,1,3.174709977,-2.6443008
50,1,3.139835365,-2.685618
50,1,3.1040191,-2.7269352
50,1,3.067228196,-2.7682524
50,1,3.029427144,-2.8095696
50,1,2.990577639,-2.8508868
50,1,2.950638267,-2.892204
50,1,2.909564147,-2.9335212
50,1,2.867306515,-2.9748384
50,1,2.823812238,-3.0161556
50,1,2.779023252,-3.0574728
50,1,2.732875902,-3.09879
50,1,2.685300157,-3.1401072
50,1,2.636218683,-3.1814244
50,1,2.585545733,-3.2227416
50,1,2.533185802,-3.2640588
50,1,2.479032,-3.305376
50,1,2.422964049,-3.3466932
50,1,2.364845806,-3.3880104
50,1,2.304522157,-3.4293276
50,1,2.241815075,-3.4706448
50,1,2.176518566,-3.511962
50,1,2.108392062,-3.5532792
50,1,2.037151658,-3.5945964
50,1,1.962458268,-3.6359136
50,1,1.883901219,-3.6772308
50,1,1.800974994,-3.718548
50,1,1.713045194,-3.7598652
50,1,1.619296922,-3.8011824
50,1,1.518653016,-3.8424996
50,1,1.409637266,-3.8838168
50,1,1.290129156,-3.925134
50,1,1.1568816,-3.9664512
50,1,1.004441442,-4.0077684
50,1,0.822201899,-4.0490856
50,1,0.582850832,-4.0904028
50,1,0,-4.13172
50,1,-4.13172,0
50,1,-4.13172,-4.13172E-05
50,1,-4.126552118,-0.206586
50,1,-4.111009494,-0.413172
50,1,-4.084973706,-0.619758
50,1,-4.048242304,-0.826344
50,1,-4.000520688,-1.03293
50,1,-3.941409677,-1.239516
50,1,-3.870387469,-1.446102
50,1,-3.78678393,-1.652688
50,1,-3.689743941,-1.859274
50,1,-3.578174481,-2.06586
50,1,-3.553999776,-2.1071772
50,1,-3.52917582,-2.1484944
50,1,-3.503688815,-2.1898116
50,1,-3.477524182,-2.2311288
50,1,-3.450666506,-2.272446
50,1,-3.423099475,-2.3137632
50,1,-3.394805807,-2.3550804
50,1,-3.365767179,-2.3963976
50,1,-3.335964135,-2.4377148
50,1,-3.305376,-2.479032
50,1,-3.273980768,-2.5203492
50,1,-3.24175499,-2.5616664
50,1,-3.208673641,-2.6029836
50,1,-3.174709977,-2.6443008
50,1,-3.139835365,-2.685618
50,1,-3.1040191,-2.7269352
50,1,-3.067228196,-2.7682524
50,1,-3.029427144,-2.8095696
50,1,-2.990577639,-2.8508868
50,1,-2.950638267,-2.892204
50,1,-2.909564147,-2.9335212
50,1,-2.867306515,-2.9748384
50,1,-2.823812238,-3.0161556
50,1,-2.779023252,-3.0574728
50,1,-2.732875902,-3.09879
50,1,-2.685300157,-3.1401072
50,1,-2.636218683,-3.1814244
50,1,-2.585545733,-3.2227416
50,1,-2.533185802,-3.2640588
50,1,-2.479032,-3.305376
50,1,-2.422964049,-3.3466932
50,1,-2.364845806,-3.3880104
50,1,-2.304522157,-3.4293276
50,1,-2.241815075,-3.4706448
50,1,-2.176518566,-3.511962
50,1,-2.108392062,-3.5532792
50,1,-2.037151658,-3.5945964
50,1,-1.962458268,-3.6359136
50,1,-1.883901219,-3.6772308
50,1,-1.800974994,-3.718548
50,1,-1.713045194,-3.7598652
50,1,-1.619296922,-3.8011824
50,1,-1.518653016,-3.8424996
50,1,-1.409637266,-3.8838168
50,1,-1.290129156,-3.925134
50,1,-1.1568816,-3.9664512
50,1.1,-1.004441442,-4.0077684
50,1.1,-0.822201899,-4.0490856
50,1.1,-0.582850832,-4.0904028
50,1.1,0,-4.13172
50,1.1,3.698097038,0
50,1.1,3.698097038,4.14107E-05
50,1.1,3.698097038,0.207053684
50,1.1,3.698097038,0.414107367
50,1.1,3.698097038,0.621161051
50,1.1,3.698097038,0.828214735
50,1.1,3.698097038,1.035268418
50,1.1,3.698097038,1.242322102
50,1.1,3.698097038,1.449375786
50,1.1,3.698097038,1.656429469
50,1.1,3.698097038,1.863483153
50,1.1,3.586275,2.070536837
50,1.1,3.562045566,2.111947573
50,1.1,3.537165413,2.15335831
50,1.1,3.511620708,2.194769047
50,1.1,3.485396842,2.236179784
50,1.1,3.458478363,2.27759052
50,1.1,3.430848924,2.319001257
50,1.1,3.402491203,2.360411994
50,1.1,3.373386835,2.401822731
50,1.1,3.343516321,2.443233467
50,1.1,3.312858939,2.484644204
50,1.1,3.281392632,2.526054941
50,1.1,3.249093899,2.567465677
50,1.1,3.215937658,2.608876414
50,1.1,3.181897105,2.650287151
50,1.1,3.146943541,2.691697888
50,1.1,3.111046193,2.733108624
50,1.1,3.074171999,2.774519361
50,1.1,3.036285371,2.815930098
50,1.1,2.997347915,2.857340835
50,1.1,2.957318126,2.898751571
50,1.1,2.91615102,2.940162308
50,1.1,2.873797722,2.981573045
50,1.1,2.830204979,3.022983781
50,1.1,2.785314597,3.064394518
50,1.1,2.739062775,3.105805255
50,1.1,2.691379325,3.147215992
50,1.1,2.642186737,3.188626728
50,1.1,2.59139907,3.230037465
50,1.1,2.538920603,3.271448202
50,1.1,2.484644204,3.312858939
50,1.1,2.428449323,3.354269675
50,1.1,2.370199508,3.395680412
50,1.1,2.309739293,3.437091149
50,1.1,2.246890251,3.478501886
50,1.1,2.181445919,3.519912622
50,1.1,2.113165185,3.561323359
50,1.1,2.041763503,3.602734096
50,1.1,1.966901016,3.644144832
50,1.1,1.888166125,3.685555569
50,1.1,1.805052166,3.726966306
50,1.1,1.716923304,3.768377043
50,1.1,1.622962798,3.809787779
50,1.1,1.522091047,3.851198516
50,1.1,1.412828501,3.892609253
50,1.1,1.29304984,3.93401999
50,1.1,1.159500629,3.975430726
50,1.1,1.006715366,4.016841463
50,1.1,0.824063256,4.0582522
50,1.1,0.58417033,4.099662937
50,1.1,0,4.141073673
50,1.1,-4.141073673,0
50,1.1,-4.141073673,4.14107E-05
50,1.1,-4.135894092,0.207053684
50,1.1,-4.120316281,0.414107367
50,1.1,-4.094221552,0.621161051
50,1.1,-4.057406995,0.828214735
50,1.1,-4.009577343,1.035268418
50,1.1,-3.950332513,1.242322102
50,1.1,-3.87914952,1.449375786
50,1.1,-3.795356713,1.656429469
50,1.1,-3.698097038,1.863483153
50,1.1,-3.586275,2.070536837
50,1.1,-3.562045566,2.111947573
50,1.1,-3.537165413,2.15335831
50,1.1,-3.511620708,2.194769047
50,1.1,-3.485396842,2.236179784
50,1.1,-3.458478363,2.27759052
50,1.1,-3.430848924,2.319001257
50,1.1,-3.402491203,2.360411994
50,1.1,-3.373386835,2.401822731
50,1.1,-3.343516321,2.443233467
50,1.1,-3.312858939,2.484644204
50,1.1,-3.281392632,2.526054941
50,1.1,-3.249093899,2.567465677
50,1.1,-3.215937658,2.608876414
50,1.1,-3.181897105,2.650287151
50,1.1,-3.146943541,2.691697888
50,1.1,-3.111046193,2.733108624
50,1.1,-3.074171999,2.774519361
50,1.1,-3.036285371,2.815930098
50,1.1,-2.997347915,2.857340835
50,1.1,-2.957318126,2.898751571
50,1.1,-2.91615102,2.940162308
50,1.1,-2.873797722,2.981573045
50,1.1,-2.830204979,3.022983781
50,1.1,-2.785314597,3.064394518
50,1.1,-2.739062775,3.105805255
50,1.1,-2.691379325,3.147215992
50,1.1,-2.642186737,3.188626728
50,1.1,-2.59139907,3.230037465
50,1.1,-2.538920603,3.271448202
50,1.1,-2.484644204,3.312858939
50,1.1,-2.428449323,3.354269675
50,1.1,-2.370199508,3.395680412
50,1.1,-2.309739293,3.437091149
50,1.1,-2.246890251,3.478501886
50,1.1,-2.181445919,3.519912622
50,1.1,-2.113165185,3.561323359
50,1.1,-2.041763503,3.602734096
50,1.1,-1.966901016,3.644144832
50,1.1,-1.888166125,3.685555569
50,1.1,-1.805052166,3.726966306
50,1.1,-1.716923304,3.768377043
50,1.1,-1.622962798,3.809787779
50,1.1,-1.522091047,3.851198516
50,1.1,-1.412828501,3.892609253
50,1.1,-1.29304984,3.93401999
50,1.1,-1.159500629,3.975430726
50,1.1,-1.006715366,4.016841463
50,1.1,-0.824063256,4.0582522
50,1.1,-0.58417033,4.099662937
50,1.1,0,4.141073673
50,1.1,4.141073673,0
50,1.1,4.141073673,-4.14107E-05
50,1.1,4.135894092,-0.207053684
50,1.1,4.120316281,-0.414107367
50,1.1,4.094221552,-0.621161051
50,1.1,4.057406995,-0.828214735
50,1.1,4.009577343,-1.035268418
50,1.1,3.950332513,-1.242322102
50,1.1,3.87914952,-1.449375786
50,1.1,3.795356713,-1.656429469
50,1.1,3.698097038,-1.863483153
50,1.1,3.586275,-2.070536837
50,1.1,3.562045566,-2.111947573
50,1.1,3.537165413,-2.15335831
50,1.1,3.511620708,-2.194769047
50,1.1,3.485396842,-2.236179784
50,1.1,3.458478363,-2.27759052
50,1.1,3.430848924,-2.319001257
50,1.1,3.402491203,-2.360411994
50,1.1,3.373386835,-2.401822731
50,1.1,3.343516321,-2.443233467
50,1.1,3.312858939,-2.484644204
50,1.1,3.281392632,-2.526054941
50,1.1,3.249093899,-2.567465677
50,1.1,3.215937658,-2.608876414
50,1.1,3.181897105,-2.650287151
50,1.1,3.146943541,-2.691697888
50,1.1,3.111046193,-2.733108624
50,1.1,3.074171999,-2.774519361
50,1.1,3.036285371,-2.815930098
50,1.1,2.997347915,-2.857340835
50,1.1,2.957318126,-2.898751571
50,1.1,2.91615102,-2.940162308
50,1.1,2.873797722,-2.981573045
50,1.1,2.830204979,-3.022983781
50,1.1,2.785314597,-3.064394518
50,1.1,2.739062775,-3.105805255
50,1.1,2.691379325,-3.147215992
50,1.1,2.642186737,-3.188626728
50,1.1,2.59139907,-3.230037465
50,1.1,2.538920603,-3.271448202
50,1.1,2.484644204,-3.312858939
50,1.1,2.428449323,-3.354269675
50,1.1,2.370199508,-3.395680412
50,1.1,2.309739293,-3.437091149
50,1.1,2.246890251,-3.478501886
50,1.1,2.181445919,-3.519912622
50,1.1,2.113165185,-3.561323359
50,1.1,2.041763503,-3.602734096
50,1.1,1.966901016,-3.644144832
50,1.1,1.888166125,-3.685555569
50,1.1,1.805052166,-3.726966306
50,1.1,1.716923304,-3.768377043
50,1.1,1.622962798,-3.809787779
50,1.1,1.522091047,-3.851198516
50,1.1,1.412828501,-3.892609253
50,1.1,1.29304984,-3.93401999
50,1.1,1.159500629,-3.975430726
50,1.1,1.006715366,-4.016841463
50,1.1,0.824063256,-4.0582522
50,1.1,0.58417033,-4.099662937
50,1.1,0,-4.141073673
50,1.1,-4.141073673,0
50,1.1,-4.141073673,-4.14107E-05
50,1.1,-4.135894092,-0.207053684
50,1.1,-4.120316281,-0.414107367
50,1.1,-4.094221552,-0.621161051
50,1.1,-4.057406995,-0.828214735
50,1.1,-4.009577343,-1.035268418
50,1.1,-3.950332513,-1.242322102
50,1.1,-3.87914952,-1.449375786
50,1.1,-3.795356713,-1.656429469
50,1.1,-3.698097038,-1.863483153
50,1.1,-3.586275,-2.070536837
50,1.1,-3.562045566,-2.111947573
50,1.1,-3.537165413,-2.15335831
50,1.1,-3.511620708,-2.194769047
50,1.1,-3.485396842,-2.236179784
50,1.1,-3.458478363,-2.27759052
50,1.1,-3.430848924,-2.319001257
50,1.1,-3.402491203,-2.360411994
50,1.1,-3.373386835,-2.401822731
50,1.1,-3.343516321,-2.443233467
50,1.1,-3.312858939,-2.484644204
50,1.1,-3.281392632,-2.526054941
50,1.1,-3.249093899,-2.567465677
50,1.1,-3.215937658,-2.608876414
50,1.1,-3.181897105,-2.650287151
50,1.1,-3.146943541,-2.691697888
50,1.1,-3.111046193,-2.733108624
50,1.1,-3.074171999,-2.774519361
50,1.1,-3.036285371,-2.815930098
50,1.1,-2.997347915,-2.857340835
50,1.1,-2.957318126,-2.898751571
50,1.1,-2.91615102,-2.940162308
50,1.1,-2.873797722,-2.981573045
50,1.1,-2.830204979,-3.022983781
50,1.1,-2.785314597,-3.064394518
50,1.1,-2.739062775,-3.105805255
50,1.1,-2.691379325,-3.147215992
50,1.1,-2.642186737,-3.188626728
50,1.1,-2.59139907,-3.230037465
50,1.1,-2.538920603,-3.271448202
50,1.1,-2.484644204,-3.312858939
50,1.1,-2.428449323,-3.354269675
50,1.1,-2.370199508,-3.395680412
50,1.1,-2.309739293,-3.437091149
50,1.1,-2.246890251,-3.478501886
50,1.1,-2.181445919,-3.519912622
50,1.1,-2.113165185,-3.561323359
50,1.1,-2.041763503,-3.602734096
50,1.1,-1.966901016,-3.644144832
50,1.1,-1.888166125,-3.685555569
50,1.1,-1.805052166,-3.726966306
50,1.1,-1.716923304,-3.768377043
50,1.1,-1.622962798,-3.809787779
50,1.1,-1.522091047,-3.851198516
50,1.1,-1.412828501,-3.892609253
,,-1.29304984,-3.93401999
,,-1.159500629,-3.975430726
,,-1.006715366,-4.016841463
,,-0.824063256,-4.0582522
,,-0.58417033,-4.099662937
,,0,-4.141073673
