Name,Study Type,Fault No,Initial pos seq iq (pu),Initial neg seq iq (pu),Initial V (pu),Last iq (pu),Last V (pu),Last Saturation Point Current (pu),Saturated,Grouped By,Delta iq pos seq (pu),Delta iq neg seq (pu),ABS(Delta neq2pos seq iq),Delta V (pu),Voltage threshold,Delta V (from threshold),diq over dv,Last pos seq iq (pu),fromthresh,Included By Voltage Range
Test 1,Faults,1,-7.245551186673877e-05,,1.0600139201389325,,0.0012335016767992914,1.2369956831663333,True,,1.1978024765613577,,,-1.0587804184621332,0.9,0.8987664983232008,1.3327182074499424,1.197730021049491,0.8987664983232008,True
Test 2,Faults,1,-0.3465182962894497,,1.0600135328062605,,0.001257953310125234,1.295425306810968,True,,1.5882617667920176,,,-1.0587555794961354,0.9,0.8987420466898748,1.7672053651453035,1.2417434705025678,0.8987420466898748,True
Test 3,Faults,1,0.34651458093553505,,1.060014745548355,,0.0012110667407428785,1.2107803430873232,True,,0.8314726210990564,,,-1.0588036788076123,0.9,0.8987889332592571,0.9251033143943004,1.1779872020345914,0.8987889332592571,True
Test 4,Faults,1,2.0237519064032204e-05,,1.0599978197530442,,0.0012355188358729992,1.2502166777175205,True,,1.2857377901723583,,,-1.0587623009171712,0.9,0.898764481164127,1.4305614174995025,1.2857580276914224,0.898764481164127,True
Test 5,Faults,1,-0.3458912188342098,,1.0599187232796285,,0.0012602704088434669,1.3108172049545,True,,1.6858588542872586,,,-1.0586584528707852,0.9,0.8987397295911566,1.8758031928266579,1.3399676354530488,0.8987397295911566,True
Test 6,Faults,1,0.3465035831477427,,1.0600073446229359,,0.001212225462162295,1.2099098075904595,True,,0.899877885157996,,,-1.0587951191607736,0.9,0.8987877745378378,1.0012128676546794,1.2463814683057388,0.8987877745378378,True
Test 7,Faults,1,0.0012439633591404362,,1.0598587246609898,,0.0012358647660751412,1.250543547766414,True,,1.315092808094453,,,-1.0586228598949148,0.9,0.8987641352339248,1.4632235049657034,1.3163367714535934,0.8987641352339248,True
Test 8,Faults,1,-0.34559028556642285,,1.0598828023463114,,0.0012594365093088887,1.2947985057884726,True,,1.7082437098951844,,,-1.0586233658370026,0.9,0.8987405634906911,1.900708368230759,1.3626534243287616,0.8987405634906911,True
Test 9,Faults,1,0.34665950943829293,,1.0598260901761407,,0.0012130476552592072,1.2103862935585588,True,,0.9274311535760291,,,-1.0586130425208815,0.9,0.8987869523447408,1.0318698454139346,1.274090663014322,0.8987869523447408,True
Test 10,Faults,1,0.000398994017627844,,1.059954087146706,,0.001235336523623079,1.2498547096214516,True,,1.2924601391374473,,,-1.0587187506230828,0.9,0.898764663476377,1.4380406703332949,1.2928591331550752,0.898764663476377,True
Test 11,Faults,1,-0.3464112270424744,,1.0599808026414195,,0.0012602564157142993,1.3110763501241882,True,,1.6965049969927746,,,-1.0587205462257052,0.9,0.8987397435842858,1.8876487983349906,1.3500937699503002,0.8987397435842858,True
Test 12,Faults,1,0.3465813127314282,,1.0599751758345533,,0.0012123450400857271,1.209952246397542,True,,0.903938324123773,,,-1.0587628307944674,0.9,0.8987876549599143,1.005730685257452,1.2505196368552012,0.8987876549599143,True
Test 13,Faults,1,1.2772008028630909e-05,,1.0600044719669304,,0.0012268661025622261,1.2370682761093936,True,,1.2407977930955987,,,-1.058777605864368,0.9,0.8987731338974378,1.3805461537496184,1.2408105651036274,0.8987731338974378,True
Test 14,Faults,1,-0.34649226162499897,,1.0600723867205737,,0.0012677155489771556,1.2957454029012485,True,,1.6426087604954904,,,-1.0588046711715966,0.9,0.8987322844510228,1.8276952869216816,1.2961164988704914,0.8987322844510228,True
Test 15,Faults,1,0.3459199307706273,,1.0600807049981342,,0.0011896214152213216,1.2108867349146974,True,,0.87825354746944,,,-1.0588910835829128,0.9,0.8988103785847787,0.9771288454104118,1.2241734782400673,0.8988103785847787,True
Test 16,Faults,1,0.0002872575636618349,,1.0599671608438128,,0.0012292671405702957,1.2500183005294327,True,,1.3102311369498116,,,-1.0587378937032426,0.9,0.8987707328594298,1.4578035187920781,1.3105183945134735,0.8987707328594298,True
Test 17,Faults,1,-0.3458272720076211,,1.0599103130049605,,0.0012706340404637932,1.31130525911486,True,,1.7174360926104661,,,-1.0586396789644967,0.9,0.8987293659595362,1.9109602486136976,1.371608820602845,0.8987293659595362,True
Test 18,Faults,1,0.3466184919461482,,1.0598678983271488,,0.00119025548286547,1.2099298745226408,True,,0.923017637082417,,,-1.0586776428442832,0.9,0.8988097445171346,1.026933277829879,1.2696361290285652,0.8988097445171346,True
Test 19,Faults,1,0.001424157371551967,,1.0598382826001786,,0.0012308697781316048,1.250838566268348,True,,1.3036980856344176,,,-1.058607412822047,0.9,0.8987691302218684,1.4505372311937206,1.3051222430059695,0.8987691302218684,True
Test 20,Faults,1,-0.3448336234757084,,1.0597955102050212,,0.001269641355921169,1.295398107499362,True,,1.6977394802629022,,,-1.0585258688491,0.9,0.8987303586440789,1.8890420958120233,1.3529058567871939,0.8987303586440789,True
Test 21,Faults,1,0.3467045560994975,,1.0596665925040252,,0.001192593471679606,1.2104010996345116,True,,0.915469185561008,,,-1.0584739990323455,0.9,0.8988074065283204,1.0185376521284404,1.2621737416605054,0.8988074065283204,True
Test 22,Faults,1,0.0006539836392753239,,1.0599246560120665,,0.0012291107321311403,1.250057747772682,True,,1.3126895406573857,,,-1.0586955452799354,0.9,0.8987708892678689,1.4605385603072787,1.3133435242966611,0.8987708892678689,True
Test 23,Faults,1,-0.34600052592862834,,1.0599313854700416,,0.0012704869067343444,1.311287974343618,True,,1.7218326749158943,,,-1.0586608985633073,0.9,0.8987295130932657,1.915851933013366,1.375832148987266,0.8987295130932657,True
Test 24,Faults,1,0.346613573084025,,1.0598736217889277,,0.0011904080668681493,1.209978454404963,True,,0.9249677459094219,,,-1.0586832137220596,0.9,0.8988095919331319,1.0291031095029035,1.2715813189934468,0.8988095919331319,True
Test 25,Faults,1,-7.223948331597823e-05,,1.06001404168348,,0.225596286855647,1.2372589884813732,True,,1.3021388145057557,,,-0.834417754827833,0.9,0.674403713144353,1.930800185596011,1.3020665750224398,0.674403713144353,True
Test 26,Faults,1,-0.3465181727250139,,1.0600135225971499,,0.23008152671517137,1.2967457506059643,True,,1.7113130881741567,,,-0.8299319958819785,0.9,0.6699184732848287,2.5545094760307636,1.3647949154491428,0.6699184732848287,True
Test 27,Faults,1,0.3465097257260985,,1.0600145691674212,,0.221477895793026,1.2099401207788645,True,,0.9266671437394502,,,-0.8385366733743952,0.9,0.678522104206974,1.3657140098958116,1.2731768694655488,0.678522104206974,True
Test 28,Faults,1,2.0819745491673037e-05,,1.0599976644709945,,0.22629698217511351,1.251626165358878,True,,1.3166053955880404,,,-0.833700682295881,0.9,0.6737030178248865,1.9542815762334338,1.316626215333532,0.6737030178248865,True
Test 29,Faults,1,-0.3458955856621732,,1.0599187744324177,,0.2307684025792495,1.3128928366733756,True,,1.7271155247500258,,,-0.8291503718531682,0.9,0.6692315974207506,2.580744142097308,1.3812199390878526,0.6692315974207506,True
Test 30,Faults,1,0.34650697082687854,,1.0600075152085189,,0.22202458274914594,1.209968696588508,True,,0.9259552431004642,,,-0.8379829324593729,0.9,0.6779754172508541,1.3657652173513193,1.2724622139273427,0.6779754172508541,True
Test 31,Faults,1,0.0012445889399682812,,1.0598588658676964,,0.2272989106790336,1.252389453205151,True,,1.3147017797139944,,,-0.8325599551886628,0.9,0.6727010893209664,1.9543624955938041,1.3159463686539628,0.6727010893209664,True
Test 32,Faults,1,-0.3455876751771623,,1.059882863286262,,0.23159873786571517,1.2973415577614842,True,,1.7091532093697703,,,-0.8282841254205469,0.9,0.6684012621342849,2.557076573901492,1.363565534192608,0.6684012621342849,True
Test 33,Faults,1,0.34665780284828,,1.0598258464079842,,0.22304651019905977,1.210526562229889,True,,0.9247779974827197,,,-0.8367793362089244,0.9,0.6769534898009403,1.3660879387070637,1.2714358003309998,0.6769534898009403,True
Test 34,Faults,1,0.000395779472237787,,1.0599539162218061,,0.2263667841732117,1.2519480864674541,True,,1.3164796841277095,,,-0.8335871320485944,0.9,0.6736332158267884,1.9542974621759397,1.3168754635999473,0.6736332158267884,True
Test 35,Faults,1,-0.34641017345140823,,1.0599808138969098,,0.2308625633437163,1.3125987303616966,True,,1.7272907683757495,,,-0.8291182505531935,0.9,0.6691374366562837,2.5813691982429137,1.3808805949243412,0.6691374366562837,True
Test 36,Faults,1,0.3465798270261328,,1.0599748832434948,,0.22209953273121263,1.2100874247889002,True,,0.9259334712621727,,,-0.8378753505122821,0.9,0.6779004672687874,1.365884102415053,1.2725132982883056,0.6779004672687874,True
Test 37,Faults,1,1.211544845706226e-05,,1.0600045822487696,,0.23604401733439292,1.2371364461758962,True,,1.3020642364746435,,,-0.8239605649143766,0.9,0.6639559826656071,1.961070116797805,1.3020763519231007,0.6639559826656071,True
Test 38,Faults,1,-0.34649193912600657,,1.0600722535829292,,0.24394776660338968,1.2970085898894657,True,,1.7116806466676935,,,-0.8161244869795395,0.9,0.6560522333966103,2.609061534331997,1.3651887075416869,0.6560522333966103,True
Test 39,Faults,1,0.34592429185610174,,1.060080935689001,,0.2288491892659682,1.210165197297259,True,,0.9276957294884326,,,-0.8312317464230329,0.9,0.6711508107340318,1.382246306867781,1.2736200213445343,0.6711508107340318,True
Test 40,Faults,1,0.00028546338423347003,,1.0599672832495672,,0.23707501706362785,1.251924070169249,True,,1.3168479629335854,,,-0.8228922661859394,0.9,0.6629249829363721,1.9864207818820083,1.317133426317819,0.6629249829363721,True
Test 41,Faults,1,-0.3458270236302443,,1.0599105191564322,,0.24494276353319358,1.3129162694900296,True,,1.7273288597444327,,,-0.8149677556232386,0.9,0.6550572364668065,2.6369128735393508,1.3815018361141884,0.6550572364668065,True
Test 42,Faults,1,0.3466150487084514,,1.0598676078605025,,0.22955582306520092,1.2102527268945915,True,,0.9263563258077465,,,-0.8303117847953015,0.9,0.6704441769347991,1.3817053793247205,1.272971374516198,0.6704441769347991,True
Test 43,Faults,1,0.001424731875018781,,1.059838316622302,,0.23920806436714082,1.2523807782227174,True,,1.314316438455483,,,-0.8206302522551612,0.9,0.6607919356328592,1.9890019347719867,1.3157411703305018,0.6607919356328592,True
Test 44,Faults,1,-0.3448313463579287,,1.0597954413209179,,0.24671071066576375,1.2983408560981469,True,,1.709225821052658,,,-0.8130847306551541,0.9,0.6532892893342362,2.6163383495763743,1.3643944746947294,0.6532892893342362,True
Test 45,Faults,1,0.3467065720139544,,1.0596667619108557,,0.23176371943231425,1.210623451066479,True,,0.9245765853061874,,,-0.8279030424785415,0.9,0.6682362805676858,1.3836072841192237,1.2712831573201417,0.6682362805676858,True
Test 46,Faults,1,0.0006507607698391948,,1.0599245325467406,,0.23720246345801285,1.2520300363620207,True,,1.3164046809542123,,,-0.8227220690887277,0.9,0.6627975365419871,1.9861339374046092,1.3170554417240514,0.6627975365419871,True
Test 47,Faults,1,-0.34599990285703675,,1.059931398020289,,0.2450971284913164,1.3131010471515125,True,,1.727630114403405,,,-0.8148342695289725,0.9,0.6549028715086836,2.6379944104131137,1.3816302115463683,0.6549028715086836,True
Test 48,Faults,1,0.34661184955325086,,1.0598735806213353,,0.22970995783343098,1.2103090637793221,True,,0.9263175682718665,,,-0.8301636227879043,0.9,0.6702900421665691,1.3819652836818868,1.2729294178251174,0.6702900421665691,True
Test 49,Faults,1,-7.02748391244752e-05,,1.060014135924832,,0.44857632379440465,1.2401979167659989,True,,1.3055194491489164,,,-0.6114378121304274,0.9,0.45142367620559537,2.8920048237663405,1.3054491743097918,0.45142367620559537,True
Test 50,Faults,1,-0.3465162245905782,,1.0600136933339876,,0.45750036844827136,1.2994467682143427,True,,1.7143224560941162,,,-0.6025133248857163,0.9,0.44249963155172867,3.874178267860795,1.367806231503538,0.44249963155172867,True
Test 51,Faults,1,0.34650740107030026,,1.060014507185326,,0.4403759639040313,1.212618062352157,True,,0.9297991671589245,,,-0.6196385432812948,0.9,0.45962403609596875,2.022955925143967,1.2763065682292247,0.45962403609596875,True
Test 52,Faults,1,2.1484451567536696e-05,,1.0599979132007127,,0.44999868955701167,1.254206518070588,True,,1.320143373146641,,,-0.6099992236437011,0.9,0.45000131044298836,2.933643397276046,1.3201648575982086,0.45000131044298836,True
Test 53,Faults,1,-0.34589479717852856,,1.059918817385547,,0.45889983993883376,1.3151221639638142,True,,1.7302214602221526,,,-0.6010189774467132,0.9,0.44110016006116626,3.922513789118161,1.384326663043624,0.44110016006116626,True
Test 54,Faults,1,0.34650406942270223,,1.0600073025514358,,0.44150102083100534,1.2123124565591765,True,,0.929458014238461,,,-0.6185062817204305,0.9,0.4584989791689947,2.0271757549450924,1.2759620836611631,0.4584989791689947,True
Test 55,Faults,1,0.0012401202842198006,,1.0598587641210282,,0.45203573236816286,1.2540967010976474,True,,1.3187039552991044,,,-0.6078230317528653,0.9,0.44796426763183717,2.9437704088998706,1.3199440755833243,0.44796426763183717,True
Test 56,Faults,1,-0.34559322491241445,,1.0598825401214438,,0.4605955952357918,1.299380312351582,True,,1.7133029875870702,,,-0.5992869448856519,0.9,0.4394044047642082,3.899148413194577,1.3677097626746557,0.4394044047642082,True
Test 57,Faults,1,0.3466617644881115,,1.0598259834886439,,0.4436062865539553,1.2130327001612637,True,,0.9299462615832844,,,-0.6162196969346886,0.9,0.45639371344604474,2.0375965623225514,1.276608026071396,0.45639371344604474,True
Test 58,Faults,1,0.00039782683384662586,,1.0599539752877591,,0.45013640373595265,1.2542499680748456,True,,1.319819482978785,,,-0.6098175715518065,0.9,0.44986359626404737,2.933821482643635,1.3202173098126317,0.44986359626404737,True
Test 59,Faults,1,-0.34641148883445744,,1.059980900006047,,0.4590915364551953,1.3149770450560951,True,,1.7305849795590533,,,-0.6008893635508517,0.9,0.44090846354480473,3.9250436828668245,1.384173490724596,0.44090846354480473,True
Test 60,Faults,1,0.34657799984137344,,1.059974835939081,,0.4416511529834749,1.2122808347481808,True,,0.9293437495146604,,,-0.6183236829556061,0.9,0.4583488470165251,2.027590459895177,1.2759217493560338,0.4583488470165251,True
Test 61,Faults,1,7.977531359318297e-06,,1.0600041804190936,,0.4694439082027638,1.240193770653131,True,,1.3054474406857672,,,-0.5905602722163298,0.9,0.4305560917972362,3.032003182759629,1.3054554182171265,0.4305560917972362,True
Test 62,Faults,1,-0.34648929830366476,,1.0600725887255797,,0.4851822265180958,1.2998944333329934,True,,1.7146501946527832,,,-0.5748903622074839,0.9,0.41481777348190424,4.133502237043327,1.3681608963491185,0.41481777348190424,True
Test 63,Faults,1,0.3459211508113313,,1.060080717437008,,0.4550826831774688,1.2124978486017097,True,,0.9303035181128592,,,-0.6049980342595391,0.9,0.4449173168225312,2.0909582138919958,1.2762246689241905,0.4449173168225312,True
Test 64,Faults,1,0.000285276630791078,,1.0599670220191064,,0.471545658201462,1.2544052710256077,True,,1.3201212385270031,,,-0.5884213638176444,0.9,0.42845434179853803,3.0811246607642793,1.3204065151577942,0.42845434179853803,True
Test 65,Faults,1,-0.3458272712088968,,1.0599102772834308,,0.48722785079374364,1.3155017395213706,True,,1.730515695842262,,,-0.5726824264896871,0.9,0.4127721492062564,4.192423590520755,1.3846884246333653,0.4127721492062564,True
Test 66,Faults,1,0.3466131640125737,,1.0598675981405157,,0.4565872730930341,1.2125971756494889,True,,0.9296777355490972,,,-0.6032803250474816,0.9,0.4434127269069659,2.0966419751505154,1.2762908995616709,0.4434127269069659,True
Test 67,Faults,1,0.0014206063182110875,,1.0598380363019708,,0.4759416898907389,1.254890770105117,True,,1.3193726236060352,,,-0.5838963464112319,0.9,0.42405831010926115,3.1113000079307276,1.3207932299242464,0.42405831010926115,True
Test 68,Faults,1,-0.3448350124634466,,1.059795398485249,,0.49084170805039756,1.3003111325656505,True,,1.713506228584345,,,-0.5689536904348516,0.9,0.40915829194960246,4.187880979802809,1.3686712161208985,0.40915829194960246,True
Test 69,Faults,1,0.34670912249207764,,1.0596667236826318,,0.46115437873797926,1.212977701789039,True,,0.9298731800182333,,,-0.5985123449446526,0.9,0.43884562126202076,2.118907276194595,1.276582302510311,0.43884562126202076,True
Test 70,Faults,1,0.0006539210091339834,,1.0599245882740853,,0.4718159485943167,1.2543770015275781,True,,1.3197212209489821,,,-0.5881086396797686,0.9,0.42818405140568333,3.0821353962541944,1.3203751419581162,0.42818405140568333,True
Test 71,Faults,1,-0.3459993774131152,,1.059931539857012,,0.4875407505424554,1.3156751423508852,True,,1.7308890940789947,,,-0.5723907893145566,0.9,0.41245924945754464,4.196509343299765,1.3848897166658796,0.41245924945754464,True
Test 72,Faults,1,0.346610296743351,,1.0598733504935975,,0.45689409408720194,1.212334336160191,True,,0.929406507822827,,,-0.6029792564063956,0.9,0.4431059059127981,2.097481652627152,1.276016804566178,0.4431059059127981,True
Test 73,Faults,1,-7.165027766787716e-05,,1.0600140258887187,,0.7687963868049397,1.2558726022174698,True,,0.7803470966090055,,,-0.29121763908377907,0.9,0.13120361319506035,5.947603710035514,0.7802754463313376,0.13120361319506035,True
Test 74,Faults,1,-0.34651574024305853,,1.060013755275812,,0.7712325424105828,1.1685646784452932,True,,0.8404426354828862,,,-0.2887812128652292,0.9,0.1287674575894172,6.5268247988765,0.49392689523982763,0.1287674575894172,True
Test 75,Faults,1,0.34650673498936113,,1.0600144316438294,,0.771743259308238,1.209197100220709,True,,0.8987123117058051,,,-0.2882711723355914,0.9,0.12825674069176207,7.007135117098211,1.2452190466951663,0.12825674069176207,True
Test 76,Faults,1,2.0623117843510143e-05,,1.0599978921431954,,0.7714306453092049,0.8158420468902446,False,,0.8574518733030706,,,-0.2885672468339905,0.9,0.1285693546907951,6.669177700745352,0.8574724964209142,0.1285693546907951,True
Test 77,Faults,1,-0.3458953818023996,,1.0599187679142255,,0.7741439712129378,0.5568477337861844,False,,0.9295573828228771,,,-0.2857747967012877,0.9,0.12585602878706226,7.385878863185883,0.5836620010204776,0.12585602878706226,True
Test 78,Faults,1,0.3465060437776928,,1.0600074967679527,,0.7694883890784517,1.0951011389756562,True,,0.801408088425388,,,-0.29051910768950095,0.9,0.13051161092154828,6.140511811681811,1.1479141322030808,0.13051161092154828,True
Test 79,Faults,1,0.0012361536783919709,,1.0598588078126094,,0.7696222799799531,1.2331708584021108,True,,0.8316981288132195,,,-0.2902365278326563,0.9,0.13037772002004688,6.379143067430061,0.8329342824916114,0.13037772002004688,True
Test 80,Faults,1,-0.3455881944730984,,1.0598827035111713,,0.7689892733602687,1.1820463220961235,True,,0.8356272444052428,,,-0.29089343015090263,0.9,0.13101072663973135,6.37831165308432,0.4900390499321444,0.13101072663973135,True
Test 81,Faults,1,0.34665432961590753,,1.0598257321758005,,0.7730050628495231,1.2143553598241765,True,,0.8515348354363126,,,-0.28682066932627737,0.9,0.12699493715047694,6.705266009363229,1.19818916505222,0.12699493715047694,True
Test 82,Faults,1,0.0003958411443045537,,1.0599541607215193,,0.7712882156952586,0.8172113860100396,False,,0.8572056186443914,,,-0.28866594502626064,0.9,0.1287117843047414,6.6598845107674745,0.857601459788696,0.1287117843047414,True
Test 83,Faults,1,-0.34641272488002023,,1.0599807320490544,,0.7740904711568755,0.55685421544393,False,,0.9295791617219982,,,-0.28589026089217895,0.9,0.12590952884312456,7.382913511495988,0.5831664368419779,0.12590952884312456,True
Test 84,Faults,1,0.3465807990022638,,1.059975020565354,,0.7695286706879997,1.0935769553735164,True,,0.8045307300929063,,,-0.2904463498773543,0.9,0.13047132931200034,6.166341174994897,1.1511115290951701,0.13047132931200034,True
Test 85,Faults,1,9.02510621887386e-06,,1.0600042358395811,,0.7875251347878731,1.2319880004981292,True,,0.7235370418337514,,,-0.27247910105170803,0.9,0.1124748652121269,6.432877607536271,0.7235460669399704,0.1124748652121269,True
Test 86,Faults,1,-0.34648490030468887,,1.0600727487300723,,0.7916843381260202,1.1269137467406243,True,,0.7842822715801201,,,-0.26838841060405205,0.9,0.10831566187397978,7.240709773740717,0.4377973712754312,0.10831566187397978,True
Test 87,Faults,1,0.34592486598727623,,1.060081114699592,,0.7921597575383127,1.2140620696394293,True,,0.8030102166983442,,,-0.2679213571612794,0.9,0.10784024246168733,7.446294614773623,1.1489350826856204,0.10784024246168733,True
Test 88,Faults,1,0.00028616178310543206,,1.0599669262203337,,0.7919926434339601,0.7581875072562118,False,,0.7964344967283813,,,-0.2679742827863736,0.9,0.10800735656603988,7.373891205655148,0.7967206585114868,0.10800735656603988,True
Test 89,Faults,1,-0.34582726433297284,,1.059910325086741,,0.7961270615827143,0.4893629083756553,False,,0.8582046439439714,,,-0.2637832635040267,0.9,0.10387293841728573,8.262061871171209,0.5123773796109986,0.10387293841728573,True
Test 90,Faults,1,0.3466196084653361,,1.05986803943877,,0.7890224931541475,1.0460883458605081,True,,0.753798476130459,,,-0.27084554628462254,0.9,0.1109775068458525,6.792353671969612,1.1004180845957952,0.1109775068458525,True
Test 91,Faults,1,0.0014220337083824326,,1.0598381501904648,,0.7855987125300323,1.259258154358815,True,,0.7474614224419686,,,-0.27423943766043246,0.9,0.1144012874699677,6.533680161931657,0.748883456150351,0.1144012874699677,True
Test 92,Faults,1,-0.34483192395203005,,1.059795512484772,,0.7877776272382176,1.1433638813435447,True,,0.7848945370079907,,,-0.27201788524655435,0.9,0.11222237276178237,6.994100353537425,0.4400626130559607,0.11222237276178237,True
Test 93,Faults,1,0.3467082140093398,,1.0596670387623075,,0.7932731958246293,1.215081888839163,True,,0.7790444648328376,,,-0.2663938429376782,0.9,0.10672680417537073,7.299426520377504,1.1257526788421774,0.10672680417537073,True
Test 94,Faults,1,0.0006487409269963034,,1.0599242977793295,,0.7917683245366776,0.7597799606806858,False,,0.796475462772596,,,-0.26815597324265195,0.9,0.10823167546332246,7.358986723276823,0.7971242036995922,0.10823167546332246,True
Test 95,Faults,1,-0.34599949078944725,,1.059931516799032,,0.7959739732225873,0.4899084208019409,False,,0.858465527558298,,,-0.26395754357644463,0.9,0.10402602677741268,8.252410998981823,0.5124660367688507,0.10402602677741268,True
Test 96,Faults,1,0.3466164625992383,,1.0598738038393434,,0.7888082396030833,1.0476153341104386,True,,0.7537134155490635,,,-0.27106556423626005,0.9,0.1111917603969167,6.778500608845146,1.1003298781483017,0.1111917603969167,True
Test 1,Faults,1,-7.245551186673877e-05,,1.0600139201389325,,0.45578725970136535,2.4102766541948015,True,,1.0358980580958226,,,-0.6042266604375671,0.9,0.44421274029863467,2.331986375265623,1.0358256025839558,0.44421274029863467,True
Test 2,Faults,1,-0.3465182962894497,,1.0600135328062605,,0.4570248405696391,2.623266861855311,True,,1.3893370212839957,,,-0.6029886922366214,0.9,0.4429751594303609,3.1363768186699192,1.042818724994546,0.4429751594303609,True
Test 3,Faults,1,0.34651458093553505,,1.060014745548355,,0.4517550848531161,2.3051204383951633,True,,0.7027957642790799,,,-0.608259660695239,0.9,0.4482449151468839,1.5678834059919744,1.0493103452146149,0.4482449151468839,True
Test 4,Faults,1,2.0237519064032204e-05,,1.0599978197530442,,0.45512822946909726,2.454991492682036,True,,1.0319825427926743,,,-0.6048695902839469,0.9,0.44487177053090277,2.319730338387448,1.0320027803117384,0.44487177053090277,True
Test 5,Faults,1,-0.3458912188342098,,1.0599187232796285,,0.45603375435753685,2.674138700101897,True,,1.3837932964414537,,,-0.6038849689220918,0.9,0.4439662456424632,3.116888524799825,1.0379020776072438,0.4439662456424632,True
Test 6,Faults,1,0.3465035831477427,,1.0600073446229359,,0.45231121618871806,2.3041063453672717,True,,0.6895874215433251,,,-0.6076961284342178,0.9,0.44768878381128197,1.5403276706481275,1.0360910046910679,0.44768878381128197,True
Test 7,Faults,1,0.0012439633591404362,,1.0598587246609898,,0.45758804560742644,2.4662977759060434,True,,1.0355780765149694,,,-0.6022706790535635,0.9,0.4424119543925736,2.340755185824049,1.0368220398741097,0.4424119543925736,True
Test 8,Faults,1,-0.34559028556642285,,1.0598828023463114,,0.45967048730162097,2.6330550438644025,True,,1.3744229871353617,,,-0.6002123150446904,0.9,0.44032951269837906,3.1213510507455506,1.028832701568939,0.44032951269837906,True
Test 9,Faults,1,0.34665950943829293,,1.0598260901761407,,0.45477696769039455,2.314838229656896,True,,0.693455491121501,,,-0.6050491224857462,0.9,0.44522303230960547,1.557546310046413,1.040115000559794,0.44522303230960547,True
Test 10,Faults,1,0.000398994017627844,,1.059954087146706,,0.45524793084689186,2.4553831901904575,True,,1.0310394726414749,,,-0.6047061562998141,0.9,0.44475206915310816,2.3182342346484606,1.0314384666591028,0.44475206915310816,True
Test 11,Faults,1,-0.3464112270424744,,1.0599808026414195,,0.45620068858162294,2.6748194787917927,True,,1.3835209897143146,,,-0.6037801140597965,0.9,0.4437993114183771,3.117447355410712,1.0371097626718402,0.4437993114183771,True
Test 12,Faults,1,0.3465813127314282,,1.0599751758345533,,0.45245343989435577,2.3046576412547597,True,,0.6892513646776496,,,-0.6075217359401974,0.9,0.44754656010564425,1.5400662771599685,1.0358326774090778,0.44754656010564425,True
Test 13,Faults,1,1.2772008028630909e-05,,1.0600044719669304,,0.4305874492412493,2.306748230399242,True,,1.054734727716016,,,-0.629417022725681,0.9,0.4694125507587507,2.2469248553562533,1.0547474997240447,0.4694125507587507,True
Test 14,Faults,1,-0.34649226162499897,,1.0600723867205737,,0.43327439255258027,2.5141882080014115,True,,1.411201487005604,,,-0.6267979941679934,0.9,0.46672560744741975,3.0236212980119945,1.064709225380605,0.46672560744741975,True
Test 15,Faults,1,0.3459199307706273,,1.0600807049981342,,0.4237937352004115,2.1968189852079854,True,,0.7209022220520465,,,-0.6362869697977227,0.9,0.4762062647995885,1.513844473162146,1.0668221528226738,0.4762062647995885,True
Test 16,Faults,1,0.0002872575636618349,,1.0599671608438128,,0.4293597886146239,2.3458954849496667,True,,1.0516828373373242,,,-0.630607372229189,0.9,0.4706402113853761,2.2345792218679987,1.051970094900986,0.4706402113853761,True
Test 17,Faults,1,-0.3458272720076211,,1.0599103130049605,,0.43156083916176646,2.5582080167193593,True,,1.4070469507130792,,,-0.6283494738431941,0.9,0.46843916083823356,3.0036919803956694,1.0612196787054582,0.46843916083823356,True
Test 18,Faults,1,0.3466184919461482,,1.0598678983271488,,0.4242744437978152,2.195096358882083,True,,0.7073584768493115,,,-0.6355934545293336,0.9,0.4757255562021848,1.486904513804766,1.0539769687954597,0.4757255562021848,True
Test 19,Faults,1,0.001424157371551967,,1.0598382826001786,,0.43390483436924177,2.3654670115832013,True,,1.052440160871553,,,-0.6259334482309369,0.9,0.46609516563075826,2.257994157582185,1.053864318243105,0.46609516563075826,True
Test 20,Faults,1,-0.3448336234757084,,1.0597955102050212,,0.4376281885133494,2.5308316048446473,True,,1.3933105891833624,,,-0.6221673216916718,0.9,0.46237181148665063,3.013398642757852,1.048476965707654,0.46237181148665063,True
Test 21,Faults,1,0.3467045560994975,,1.0596665925040252,,0.42893437636824144,2.213572990983539,True,,0.708216458861725,,,-0.6307322161357838,0.9,0.4710656236317586,1.5034348153058013,1.0549210149612225,0.4710656236317586,True
Test 22,Faults,1,0.0006539836392753239,,1.0599246560120665,,0.42957815771302554,2.346628061463432,True,,1.0506048584115544,,,-0.630346498299041,0.9,0.4704218422869745,2.233324994655854,1.0512588420508298,0.4704218422869745,True
Test 23,Faults,1,-0.34600052592862834,,1.0599313854700416,,0.4317958935251582,2.5591964692885947,True,,1.4064369117588962,,,-0.6281354919448834,0.9,0.46820410647484184,3.003897001989385,1.060436385830268,0.46820410647484184,True
Test 24,Faults,1,0.346613573084025,,1.0598736217889277,,0.42454993722012135,2.196116665484723,True,,0.7070119620347128,,,-0.6353236845688064,0.9,0.47545006277987867,1.4870372671757148,1.0536255351187378,0.47545006277987867,True
Test 25,Faults,1,-7.223948331597823e-05,,1.06001404168348,,0.5531448146524441,1.9669052904206517,True,,1.0306518534052478,,,-0.5068692270310359,0.9,0.3468551853475559,2.971418323680281,1.0305796139219319,0.3468551853475559,True
Test 26,Faults,1,-0.3465181727250139,,1.0600135225971499,,0.5574188875363607,2.116678950163869,True,,1.3677335582164405,,,-0.5025946350607892,0.9,0.3425811124636393,3.9924371439526114,1.0212153854914265,0.3425811124636393,True
Test 27,Faults,1,0.3465097257260985,,1.0600145691674212,,0.5470447427856293,1.8954724993884602,True,,0.7060343414810379,,,-0.5129698263817919,0.9,0.3529552572143707,2.00035082931835,1.0525440672071364,0.3529552572143707,True
Test 28,Faults,1,2.0819745491673037e-05,,1.0599976644709945,,0.5530095311898738,1.9980171398024134,True,,1.0235857326550977,,,-0.5069881332811207,0.9,0.3469904688101262,2.9498958174992573,1.0236065524005893,0.3469904688101262,True
Test 29,Faults,1,-0.3458955856621732,,1.0599187744324177,,0.5568751419741311,2.1516195218192116,True,,1.356059672859606,,,-0.5030436324582865,0.9,0.3431248580258689,3.9520881135267962,1.0101640871974327,0.3431248580258689,True
Test 30,Faults,1,0.34650697082687854,,1.0600075152085189,,0.547693737408692,1.8931436543187405,True,,0.6924412559651861,,,-0.5123137777998269,0.9,0.35230626259130804,1.9654525890970347,1.0389482267920647,0.35230626259130804,True
Test 31,Faults,1,0.0012445889399682812,,1.0598588658676964,,0.5560928764626744,2.0078289979787343,True,,1.0306146601761812,,,-0.503765989405022,0.9,0.34390712353732567,2.9967819496600927,1.0318592491161496,0.34390712353732567,True
Test 32,Faults,1,-0.3455876751771623,,1.059882863286262,,0.5605323438627273,2.122524484083204,True,,1.3513322915391297,,,-0.4993505194235347,0.9,0.3394676561372727,3.980739452222461,1.0057446163619674,0.3394676561372727,True
Test 33,Faults,1,0.34665780284828,,1.0598258464079842,,0.5507264366184434,1.9020915186027632,True,,0.6983360606648052,,,-0.5090994097895407,0.9,0.3492735633815566,1.9993956997596256,1.0449938635130853,0.3492735633815566,True
Test 34,Faults,1,0.000395779472237787,,1.0599539162218061,,0.5531524906693547,1.9982595670515193,True,,1.0226482959386085,,,-0.5068014255524514,0.9,0.34684750933064534,2.9484089359965124,1.0230440754108463,0.34684750933064534,True
Test 35,Faults,1,-0.34641017345140823,,1.0599808138969098,,0.557069157962621,2.1519997578720886,True,,1.355564032951235,,,-0.5029116559342888,0.9,0.342930842037379,3.9528787346676753,1.0091538594998268,0.342930842037379,True
Test 36,Faults,1,0.3465798270261328,,1.0599748832434948,,0.5478617496025643,1.8934187056456642,True,,0.691923290541129,,,-0.5121131336409305,0.9,0.35213825039743574,1.964919430820707,1.0385031175672619,0.35213825039743574,True
Test 37,Faults,1,1.211544845706226e-05,,1.0600045822487696,,0.5475681193671494,1.8555241782578644,True,,1.0418212586618572,,,-0.5124364628816201,0.9,0.3524318806328506,2.9560925555063076,1.0418333741103143,0.3524318806328506,True
Test 38,Faults,1,-0.34649193912600657,,1.0600722535829292,,0.555613721456421,1.9917052477861936,True,,1.3789749407635086,,,-0.5044585321265083,0.9,0.34438627854357906,4.004151810563531,1.032483001637502,0.34438627854357906,True
Test 39,Faults,1,0.34592429185610174,,1.060080935689001,,0.5369605992774509,1.786005586734364,True,,0.7180433766780944,,,-0.5231203364115502,0.9,0.36303940072254914,1.9778662460575596,1.063967668534196,0.36303940072254914,True
Test 40,Faults,1,0.00028546338423347003,,1.0599672832495672,,0.5471422483552046,1.880748339080827,True,,1.0353342640169065,,,-0.5128250348943626,0.9,0.3528577516447954,2.934140625197677,1.03561972740114,0.3528577516447954,True
Test 41,Faults,1,-0.3458270236302443,,1.0599105191564322,,0.5545342259726224,2.018958475523912,True,,1.3677499790569996,,,-0.5053762931838098,0.9,0.34546577402737766,3.9591475679689396,1.0219229554267553,0.34546577402737766,True
Test 42,Faults,1,0.3466150487084514,,1.0598676078605025,,0.5375387818131505,1.7829448860669141,True,,0.7042223162531371,,,-0.522328826047352,0.9,0.3624612181868495,1.9428901104948255,1.0508373649615885,0.3624612181868495,True
Test 43,Faults,1,0.001424731875018781,,1.059838316622302,,0.5530648445056884,1.895847084512267,True,,1.0392672218327268,,,-0.5067734721166136,0.9,0.34693515549431164,2.995566189745123,1.0406919537077455,0.34693515549431164,True
Test 44,Faults,1,-0.3448313463579287,,1.0597954413209179,,0.5609261988095001,2.0004832993595487,True,,1.358024477076326,,,-0.49886924251141773,0.9,0.3390738011904999,4.005099987991566,1.0131931307183972,0.3390738011904999,True
Test 45,Faults,1,0.3467065720139544,,1.0596667619108557,,0.5435322900600337,1.7970612337599712,True,,0.7076582342924354,,,-0.5161344718508221,0.9,0.35646770993996635,1.9851958944938208,1.0543648063063897,0.35646770993996635,True
Test 46,Faults,1,0.0006507607698391948,,1.0599245325467406,,0.5474146473601132,1.8811883562945353,True,,1.0342681195842207,,,-0.5125098851866273,0.9,0.3525853526398868,2.9333836809737557,1.0349188803540599,0.3525853526398868,True
Test 47,Faults,1,-0.34599990285703675,,1.059931398020289,,0.5548172143589895,2.0194661522417503,True,,1.3668607910877393,,,-0.5051141836612995,0.9,0.34518278564101057,3.9598173719742555,1.0208608882307026,0.34518278564101057,True
Test 48,Faults,1,0.34661184955325086,,1.0598735806213353,,0.5378788153976496,1.7834839102750435,True,,0.7036666758421071,,,-0.5219947652236857,0.9,0.36212118460235043,1.9431800893251021,1.050278525395358,0.36212118460235043,True
Test 49,Faults,1,-7.245551186673877e-05,,1.0600139201389325,,0.7804658480371468,2.19401846417141,True,,0.7009436692377221,,,-0.27954807210178567,0.9,0.11953415196285322,5.863961535072834,0.7008712137258554,0.11953415196285322,True
Test 50,Faults,1,-0.3465182962894497,,1.0600135328062605,,0.7851965129609132,2.392361377715583,True,,0.9691702693605613,,,-0.27481701984534734,0.9,0.11480348703908683,8.44199330836171,0.6226519730711116,0.11480348703908683,True
Test 51,Faults,1,0.34651458093553505,,1.060014745548355,,0.7734256032023655,2.0952694244981025,True,,0.4260090311298282,,,-0.28658914234598953,0.9,0.1265743967976345,3.365680911052856,0.7725236120653632,0.1265743967976345,True
Test 52,Faults,1,2.0237519064032204e-05,,1.0599978197530442,,0.7796581059622948,2.2372770973499008,True,,0.673431320887279,,,-0.2803397137907494,0.9,0.12034189403770523,5.595984060848179,0.673451558406343,0.12034189403770523,True
Test 53,Faults,1,-0.3458912188342098,,1.0599187232796285,,0.7836242573692507,2.444316636985056,True,,0.9335863224699296,,,-0.2762944659103779,0.9,0.11637574263074935,8.022172846038217,0.5876951036357198,0.11637574263074935,True
Test 54,Faults,1,0.3465035831477427,,1.0600073446229359,,0.7735935544817861,2.097038218357073,True,,0.40023972442383576,,,-0.28641379014114976,0.9,0.1264064455182139,3.1662920572049886,0.7467433075715785,0.1264064455182139,True
Test 55,Faults,1,0.0012415348648824754,,1.0598588602758863,,0.9034998881568527,1.4015600601475926,True,,0.4015003208311432,,,-0.1563589721190336,0.9,-0.0034998881568526485,114.71804321661558,0.40274185569602566,-0.0034998881568526485,False
Test 56,Faults,1,-0.34558878348991745,,1.0598829313905953,,0.9061717090409197,1.4239293518107634,True,,0.48552804769369184,,,-0.1537112223496756,0.9,-0.006171709040919682,78.66995097703771,0.13993926420377442,-0.006171709040919682,False
Test 57,Faults,1,0.3466546030672171,,1.0598259145393172,,0.9017241224158563,1.3144876336976754,True,,0.31664776436420333,,,-0.15810179212346087,0.9,-0.0017241224158562884,183.6573560276691,0.6633023674314205,-0.0017241224158562884,False
Test 58,Faults,1,0.0003988469042962337,,1.0599540734029467,,0.9039071894619441,1.129578820006547,True,,0.4054699894289231,,,-0.15604688394100252,0.9,-0.003907189461944127,103.77535908565095,0.40586883633321935,-0.003907189461944127,False
Test 59,Faults,1,-0.3464111135776703,,1.0599807909261405,,0.9047750763821506,1.1601115973100724,True,,0.46135557334842914,,,-0.1552057145439899,0.9,-0.004775076382150578,96.61742272291063,0.11494445977075883,-0.004775076382150578,False
Test 60,Faults,1,0.3465817713068611,,1.0599748533539592,,0.8997017992237296,1.1686766358545888,True,,0.2931759126719288,,,-0.16027305413022963,0.9,0.00029820077627040753,983.1493946416751,0.6397576839787898,0.00029820077627040753,True
Test 61,Faults,1,1.8334730433382623e-05,,1.060004818302006,,0.9074153172957603,1.318634548840503,True,,0.38359955501836956,,,-0.1525895010062458,0.9,-0.007415317295760282,51.73070007910425,0.38361788974880295,-0.007415317295760282,False
Test 62,Faults,1,-0.34648556847041434,,1.060072891750526,,0.9075980964947722,1.34989130161989,True,,0.40827650514277203,,,-0.1524747952557538,0.9,-0.007598096494772166,53.73405107761986,0.06179093667235767,-0.007598096494772166,False
Test 63,Faults,1,0.3459194307213002,,1.0600805953417818,,0.902165756775462,1.233643271767944,True,,0.30304101329347705,,,-0.15791483856631983,0.9,-0.0021657567754619356,139.92384404700348,0.6489604440147773,-0.0021657567754619356,False
Test 64,Faults,1,0.0002837854520888862,,1.0599670496318547,,0.9051628429608185,1.005659013634581,True,,0.3669791570077931,,,-0.15480420667103623,0.9,-0.005162842960818481,71.08082887526271,0.367262942459882,-0.005162842960818481,False
Test 65,Faults,1,-0.34582531346410234,,1.0599105485919775,,0.909292478498906,1.0194416124493746,True,,0.4439496680161268,,,-0.1506180700930715,0.9,-0.00929247849890602,47.775162252825425,0.09812435455202446,-0.00929247849890602,False
Test 66,Faults,1,0.34661534297107044,,1.0598677036195274,,0.9009573915180691,1.076045044402977,True,,0.29187523591305575,,,-0.15891031210145834,0.9,-0.0009573915180690618,304.86507390595165,0.6384905788841262,-0.0009573915180690618,False
Test 67,Faults,1,0.0014219569154153432,,1.0598382457621631,,0.9069608600686976,1.3207390366708778,True,,0.3924897321747695,,,-0.15287738569346554,0.9,-0.006960860068697561,56.38523520100122,0.39391168909018487,-0.006960860068697561,False
Test 68,Faults,1,-0.34483020135231673,,1.0597954844591788,,0.9068265726553095,1.3077444279235124,True,,0.41280779421138813,,,-0.1529689118038693,0.9,-0.006826572655309504,60.470724484316236,0.0679775928590714,-0.006826572655309504,False
Test 69,Faults,1,0.3467045560994975,,1.0596665925040252,,0.773662260490468,1.9402897340379264,True,,0.40796529832933454,,,-0.2860043320135571,0.9,0.12633773950953198,3.229164142980049,0.754669854428832,0.12633773950953198,True
Test 70,Faults,1,0.0006539836392753239,,1.0599246560120665,,0.7753659718087098,2.0600549627575795,True,,0.6712405832563647,,,-0.2845586842033567,0.9,0.12463402819129021,5.385692759814634,0.67189456689564,0.12463402819129021,True
Test 71,Faults,1,-0.34600052592862834,,1.0599313854700416,,0.7826375265353563,2.253694284915599,True,,0.9317757100451061,,,-0.2772938589346853,0.9,0.11736247346464368,7.939298504353783,0.5857751841164778,0.11736247346464368,True
Test 72,Faults,1,0.346613573084025,,1.0598736217889277,,0.7648449800423393,1.9250560718592806,True,,0.3999883967092805,,,-0.2950286417465885,0.9,0.13515501995766077,2.959478655210754,0.7466019697933055,0.13515501995766077,True
Test 73,Faults,1,-7.245551186673877e-05,,1.0600139201389325,,0.7804658480371468,2.19401846417141,True,,0.7009436692377221,,,-0.27954807210178567,0.9,0.11953415196285322,5.863961535072834,0.7008712137258554,0.11953415196285322,True
Test 74,Faults,1,-0.3465182962894497,,1.0600135328062605,,0.7851965129609132,2.392361377715583,True,,0.9691702693605613,,,-0.27481701984534734,0.9,0.11480348703908683,8.44199330836171,0.6226519730711116,0.11480348703908683,True
Test 75,Faults,1,0.34651458093553505,,1.060014745548355,,0.7734256032023655,2.0952694244981025,True,,0.4260090311298282,,,-0.28658914234598953,0.9,0.1265743967976345,3.365680911052856,0.7725236120653632,0.1265743967976345,True
Test 76,Faults,1,2.0237519064032204e-05,,1.0599978197530442,,0.7796581059622948,2.2372770973499008,True,,0.673431320887279,,,-0.2803397137907494,0.9,0.12034189403770523,5.595984060848179,0.673451558406343,0.12034189403770523,True
Test 77,Faults,1,-0.3458912188342098,,1.0599187232796285,,0.7836242573692507,2.444316636985056,True,,0.9335863224699296,,,-0.2762944659103779,0.9,0.11637574263074935,8.022172846038217,0.5876951036357198,0.11637574263074935,True
Test 78,Faults,1,0.3465035831477427,,1.0600073446229359,,0.7735935544817861,2.097038218357073,True,,0.40023972442383576,,,-0.28641379014114976,0.9,0.1264064455182139,3.1662920572049886,0.7467433075715785,0.1264064455182139,True
Test 79,Faults,1,0.0012439633591404362,,1.0598587246609898,,0.7845767067951374,2.2461937412643174,True,,0.6876025615123355,,,-0.2752820178658525,0.9,0.11542329320486266,5.957225291535586,0.6888465248714759,0.11542329320486266,True
Test 80,Faults,1,-0.34559028556642285,,1.0598828023463114,,0.7889648734752239,2.4078185716890217,True,,0.9419037528892471,,,-0.27091792887108745,0.9,0.1110351265247761,8.482934926715044,0.5963134673228242,0.1110351265247761,True
Test 81,Faults,1,0.34665950943829293,,1.0598260901761407,,0.778316919401889,2.1065198642459717,True,,0.411745049252931,,,-0.28150917077425175,0.9,0.12168308059811106,3.3837493859382346,0.7584045586912239,0.12168308059811106,True
Test 82,Faults,1,0.000398994017627844,,1.059954087146706,,0.7798376349913337,2.237845170195872,True,,0.6720813980081378,,,-0.2801164521553722,0.9,0.12016236500866628,5.5931106046362045,0.6724803920257657,0.12016236500866628,True
Test 83,Faults,1,-0.3464112270424744,,1.0599808026414195,,0.7838587004227539,2.445340169444761,True,,0.9324192268605863,,,-0.2761221022186656,0.9,0.11614129957724617,8.028317491319525,0.5860079998181119,0.11614129957724617,True
Test 84,Faults,1,0.3465813127314282,,1.0599751758345533,,0.7738223119562926,2.097581688215907,True,,0.39951094644416973,,,-0.28615286387826067,0.9,0.12617768804370744,3.1662566705595427,0.746092259175598,0.12617768804370744,True
Test 85,Faults,1,1.8334730433382623e-05,,1.060004818302006,,0.9074153172957603,1.318634548840503,True,,0.38359955501836956,,,-0.1525895010062458,0.9,-0.007415317295760282,51.73070007910425,0.38361788974880295,-0.007415317295760282,False
Test 86,Faults,1,-0.34648556847041434,,1.060072891750526,,0.9075980964947722,1.34989130161989,True,,0.40827650514277203,,,-0.1524747952557538,0.9,-0.007598096494772166,53.73405107761986,0.06179093667235767,-0.007598096494772166,False
Test 87,Faults,1,0.3459194307213002,,1.0600805953417818,,0.902165756775462,1.233643271767944,True,,0.30304101329347705,,,-0.15791483856631983,0.9,-0.0021657567754619356,139.92384404700348,0.6489604440147773,-0.0021657567754619356,False
Test 88,Faults,1,0.0002837854520888862,,1.0599670496318547,,0.9051628429608185,1.005659013634581,True,,0.3669791570077931,,,-0.15480420667103623,0.9,-0.005162842960818481,71.08082887526271,0.367262942459882,-0.005162842960818481,False
Test 89,Faults,1,-0.34582531346410234,,1.0599105485919775,,0.909292478498906,1.0194416124493746,True,,0.4439496680161268,,,-0.1506180700930715,0.9,-0.00929247849890602,47.775162252825425,0.09812435455202446,-0.00929247849890602,False
Test 90,Faults,1,0.34661534297107044,,1.0598677036195274,,0.9009573915180691,1.076045044402977,True,,0.29187523591305575,,,-0.15891031210145834,0.9,-0.0009573915180690618,304.86507390595165,0.6384905788841262,-0.0009573915180690618,False
Test 91,Faults,1,0.0014219569154153432,,1.0598382457621631,,0.9069608600686976,1.3207390366708778,True,,0.3924897321747695,,,-0.15287738569346554,0.9,-0.006960860068697561,56.38523520100122,0.39391168909018487,-0.006960860068697561,False
Test 92,Faults,1,-0.34483020135231673,,1.0597954844591788,,0.9068265726553095,1.3077444279235124,True,,0.41280779421138813,,,-0.1529689118038693,0.9,-0.006826572655309504,60.470724484316236,0.0679775928590714,-0.006826572655309504,False
Test 93,Faults,1,0.34671264636817856,,1.0596666672654698,,0.9032237685496636,1.2685974130180038,True,,0.3019165805602887,,,-0.1564428987158062,0.9,-0.0032237685496635526,93.653305412325,0.6486292269284673,-0.0032237685496635526,False
Test 94,Faults,1,0.000653415390878286,,1.0599247339414768,,0.9050475358990338,1.0055186916108363,True,,0.36723139927870274,,,-0.15487719804244304,0.9,-0.005047535899033728,72.75458889732779,0.367884814669581,-0.005047535899033728,False
Test 95,Faults,1,-0.34600046692439645,,1.0599312257552735,,0.9093531336551518,1.0192396937272106,True,,0.44576744041471994,,,-0.15057809210012174,0.9,-0.00935313365515178,47.65968891818281,0.0997669734903235,-0.00935313365515178,False
Test 96,Faults,1,0.34661452899522693,,1.0598736484884854,,0.9009849342110449,1.0735823200918342,True,,0.2924348342184836,,,-0.15888871427744056,0.9,-0.0009849342110448411,296.9079872941584,0.6390493632137105,-0.0009849342110448411,False
Test 97,Faults,1,-7.144373537125044e-05,,1.060014128751933,,0.8490636357232687,0.9449205781246084,False,,0.711471537748807,,,-0.2109504930286642,0.9,0.050936364276731316,13.967850824284694,0.7114000940134357,0.050936364276731316,True
Test 98,Faults,1,-0.3465134033713138,,1.0600138577377187,,0.8515207328260203,0.9314842936343188,False,,0.780319159094134,,,-0.20849312491169847,0.9,0.04847926717397977,16.09593553247756,0.43380575572282015,0.04847926717397977,True
Test 99,Faults,1,0.3465109223575669,,1.0600146369117542,,0.8467668780294242,1.0072282460830946,True,,0.5720261058491283,,,-0.21324775888233005,0.9,0.053233121970575836,10.745680220771401,0.9185370282066951,0.053233121970575836,True
Test 100,Faults,1,1.968492702943222e-05,,1.0599978213316594,,0.8491346239098805,0.9308651812529133,False,,0.6713356779156668,,,-0.21086319742177895,0.9,0.05086537609011954,13.198283970735684,0.6713553628426963,0.05086537609011954,True
Test 101,Faults,1,-0.3458912188342098,,1.0599187232796285,,0.7565433351284674,1.06692501958344,True,,1.057336358261957,,,-0.30337538815116116,0.9,0.14345666487153264,7.370423390288739,0.7114451394277472,0.14345666487153264,True
Test 102,Faults,1,0.3465035831477427,,1.0600073446229359,,0.7434936058129687,0.9848159165077917,False,,0.477645144348337,,,-0.31651373880996714,0.9,0.15650639418703127,3.051920957156117,0.8241487274960797,0.15650639418703127,True
Test 103,Faults,1,0.0012439633591404362,,1.0598587246609898,,0.7551421181356156,1.0138176714285485,True,,0.7808460192828562,,,-0.30471660652537425,0.9,0.14485788186438442,5.390428254458962,0.7820899826419967,0.14485788186438442,True
Test 104,Faults,1,-0.34559028556642285,,1.0598828023463114,,0.7612203569075493,1.05291634401403,True,,1.0604250403732935,,,-0.2986624454387621,0.9,0.13877964309245072,7.641070525501143,0.7148347548068706,0.13877964309245072,True
Test 105,Faults,1,0.34665950943829293,,1.0598260901761407,,0.7480181690028492,0.9862291902802554,False,,0.4873348870586014,,,-0.3118079211732915,0.9,0.1519818309971508,3.206533859088311,0.8339943964968943,0.1519818309971508,True
Test 106,Faults,1,0.000398994017627844,,1.059954087146706,,0.750705325113642,1.0133895985469445,True,,0.7684625074594819,,,-0.30924876203306395,0.9,0.14929467488635806,5.147286787317964,0.7688615014771097,0.14929467488635806,True
Test 107,Faults,1,-0.3464112270424744,,1.0599808026414195,,0.7567909301674671,1.067036783207985,True,,1.0565083314475312,,,-0.30318987247395235,0.9,0.1432090698325329,7.377384216537405,0.7100971044050567,0.1432090698325329,True
Test 108,Faults,1,0.3465813127314282,,1.0599751758345533,,0.7437124061894036,0.984736715637724,False,,0.4769513055376404,,,-0.31626276964514966,0.9,0.15628759381059643,3.051754102220382,0.8235326182690687,0.15628759381059643,True
Test 109,Faults,1,1.2772008028630909e-05,,1.0600044719669304,,0.7522929579181038,1.0027898340794859,True,,0.788844706775646,,,-0.3077115140488266,0.9,0.14770704208189622,5.340603235005347,0.7888574787836746,0.14770704208189622,True
Test 110,Faults,1,-0.34649226162499897,,1.0600723867205737,,0.7630421151542871,1.0520256805621657,True,,1.0766488719309524,,,-0.2970302715662866,0.9,0.13695788484571292,7.861167490603618,0.7301566103059534,0.13695788484571292,True
Test 111,Faults,1,0.3459199307706273,,1.0600807049981342,,0.7396856597145547,0.9886487608877707,False,,0.5034179321495134,,,-0.32039504528357954,0.9,0.16031434028544533,3.1401927691132308,0.8493378629201407,0.16031434028544533,True
Test 112,Faults,1,0.0002872575636618349,,1.0599671608438128,,0.7511245998051616,1.013480794435203,True,,0.7688170619330722,,,-0.30884256103865126,0.9,0.14887540019483847,5.164164535758724,0.7691043194967341,0.14887540019483847,True
Test 113,Faults,1,-0.3458272720076211,,1.0599103130049605,,0.7611334355313925,1.0675202272368856,True,,1.0519137585336689,,,-0.29877687747356807,0.9,0.13886656446860757,7.574996634783648,0.7060864865260478,0.13886656446860757,True
Test 114,Faults,1,0.3466184919461482,,1.0598678983271488,,0.7392742115445311,0.9853175695400822,False,,0.48093427711622644,,,-0.3205936867826177,0.9,0.16072578845546892,2.9922657822237113,0.8275527690623746,0.16072578845546892,True
Test 115,Faults,1,0.001424157371551967,,1.0598382826001786,,0.7601120640379447,1.0137735891118849,True,,0.7760212218429343,,,-0.2997262185622339,0.9,0.1398879359620553,5.547449224309312,0.7774453792144863,0.1398879359620553,True
Test 116,Faults,1,-0.3448336234757084,,1.0597955102050212,,0.769916235572337,1.0538432862665565,True,,1.0499670320679113,,,-0.28987927463268415,0.9,0.130083764427663,8.071468693172521,0.705133408592203,0.130083764427663,True
Test 117,Faults,1,0.3467045560994975,,1.0596665925040252,,0.74829014310207,0.986868252962119,False,,0.48756890442374473,,,-0.3113764494019552,0.9,0.15170985689793004,3.2138248258435818,0.8342734605232422,0.15170985689793004,True
Test 118,Faults,1,0.0006539836392753239,,1.0599246560120665,,0.7514880281209593,1.0138328215886652,True,,0.7678363156045475,,,-0.30843662789110726,0.9,0.14851197187904075,5.170198105173169,0.7684902992438227,0.14851197187904075,True
Test 119,Faults,1,-0.34600052592862834,,1.0599313854700416,,0.7614965024349317,1.0678137238935554,True,,1.0507636068289319,,,-0.2984348830351099,0.9,0.1385034975650683,7.586549259055989,0.7047630809003035,0.1385034975650683,True
Test 120,Faults,1,0.346613573084025,,1.0598736217889277,,0.7397323374732369,0.985784105370483,False,,0.48062898523890124,,,-0.3201412843156909,0.9,0.16026766252676317,2.9989143016211446,0.8272425583229263,0.16026766252676317,True
Test 121,Faults,1,-7.245551186673877e-05,,1.0600139201389325,,0.7508401520856334,1.0032992962940726,True,,0.7905977873951457,,,-0.3091737680532991,0.9,0.14915984791436665,5.300339189464926,0.790525331883279,0.14915984791436665,True
Test 122,Faults,1,-0.3465182962894497,,1.0600135328062605,,0.7572973470107043,1.0518414457525924,True,,1.0831499511285196,,,-0.30271618579555626,0.9,0.14270265298929574,7.590257983569288,0.7366316548390699,0.14270265298929574,True
Test 123,Faults,1,0.34651458093553505,,1.060014745548355,,0.7433012637812928,0.989543973005127,False,,0.5012990560282446,,,-0.31671348176706227,0.9,0.15669873621870722,3.1991263498677656,0.8478136369637798,0.15669873621870722,True
Test 124,Faults,1,2.0237519064032204e-05,,1.0599978197530442,,0.7505178954449855,1.0137738401169862,True,,0.7698606743780001,,,-0.3094799243080587,0.9,0.14948210455501454,5.150186215733035,0.7698809118970641,0.14948210455501454,True
Test 125,Faults,1,-0.3458912188342098,,1.0599187232796285,,0.7565422607571857,1.067083466482104,True,,1.0574531017567295,,,-0.3033764625224429,0.9,0.14345773924281435,7.3711819755287005,0.7115618829225195,0.14345773924281435,True
Test 126,Faults,1,0.3465035831477427,,1.0600073446229359,,0.7434975366699857,0.9854881557639724,False,,0.47822750676195164,,,-0.31650980795295014,0.9,0.15650246333001427,3.0557187189668755,0.8247310899096943,0.15650246333001427,True
Test 127,Faults,1,0.0012439633591404362,,1.0598587246609898,,0.755141132261272,1.013927674852577,True,,0.7809074526529023,,,-0.30471759239971785,0.9,0.14485886773872803,5.390815659703839,0.7821514160120427,0.14485886773872803,True
Test 128,Faults,1,-0.34559028556642285,,1.0598828023463114,,0.761219792177612,1.052811647025293,True,,1.0603380484496427,,,-0.29866301016869934,0.9,0.13878020782238798,7.640412599804375,0.7147477628832198,0.13878020782238798,True
Test 129,Faults,1,0.34665950943829293,,1.0598260901761407,,0.7480215479075663,0.986938169804285,False,,0.4879232213795244,,,-0.31180454226857446,0.9,0.15197845209243377,3.21047631859527,0.8345827308178173,0.15197845209243377,True
Test 130,Faults,1,0.000398994017627844,,1.059954087146706,,0.7507049201919763,1.0137762078040906,True,,0.7687622354385062,,,-0.3092491669547296,0.9,0.1492950798080237,5.149280448003015,0.7691612294561341,0.1492950798080237,True
Test 131,Faults,1,-0.3464112270424744,,1.0599808026414195,,0.756789968230844,1.06719325507367,True,,1.0566234677182957,,,-0.3031908344105755,0.9,0.14321003176915603,7.37813863082926,0.7102122406758214,0.14321003176915603,True
Test 132,Faults,1,0.3465813127314282,,1.0599751758345533,,0.7437153508123421,0.9853329329773692,False,,0.47745072900716923,,,-0.31625982502221117,0.9,0.15628464918765794,3.055007203131466,0.8240320417385975,0.15628464918765794,True
Test 133,Faults,1,1.2772008028630909e-05,,1.0600044719669304,,0.752297385266964,1.0033794212906753,True,,0.7893385133234643,,,-0.3077070866999664,0.9,0.14770261473303603,5.344106566766934,0.7893512853314929,0.14770261473303603,True
Test 134,Faults,1,-0.34649226162499897,,1.0600723867205737,,0.7630415686414307,1.052300408868547,True,,1.076860425224425,,,-0.297030818079143,0.9,0.13695843135856933,7.8626807750528975,0.7303681635994259,0.13695843135856933,True
Test 135,Faults,1,0.3459199307706273,,1.0600807049981342,,0.7397055449532733,0.990016777149399,False,,0.5046277026586945,,,-0.3203751600448609,0.9,0.16029445504672668,3.1481295002474843,0.8505476334293218,0.16029445504672668,True
Test 136,Faults,1,0.0002872575636618349,,1.0599671608438128,,0.7511246443037712,1.0138753960644251,True,,0.7691343173034083,,,-0.3088425165400416,0.9,0.14887535569622878,5.166297092668451,0.7694215748670702,0.14887535569622878,True
Test 137,Faults,1,-0.3458272720076211,,1.0599103130049605,,0.761131315791445,1.0677139216503906,True,,1.0520450368846446,,,-0.29877899721351553,0.9,0.13886868420855503,7.575826349046902,0.7062177648770235,0.13886868420855503,True
Test 138,Faults,1,0.3466184919461482,,1.0598678983271488,,0.7392810408672613,0.9859507234933227,False,,0.4814698419584406,,,-0.32058685745988746,0.9,0.1607189591327387,2.9957252371252103,0.8280883339045888,0.1607189591327387,True
Test 139,Faults,1,0.001424157371551967,,1.0598382826001786,,0.7601096865792555,1.0137617504018746,True,,0.7759793089515985,,,-0.29972859602092317,0.9,0.13989031342074454,5.5470553319707365,0.7774034663231505,0.13989031342074454,True
Test 140,Faults,1,-0.3448336234757084,,1.0597955102050212,,0.7699174602392994,1.0536386795837658,True,,1.0498044695701716,,,-0.28987804996572175,0.9,0.1300825397607006,8.070294995019227,0.7049708460944631,0.1300825397607006,True
Test 141,Faults,1,0.3467045560994975,,1.0596665925040252,,0.74829014310207,0.986868252962119,False,,0.48756890442374473,,,-0.3113764494019552,0.9,0.15170985689793004,3.2138248258435818,0.8342734605232422,0.15170985689793004,True
Test 142,Faults,1,0.0006539836392753239,,1.0599246560120665,,0.7514880281209593,1.0138328215886652,True,,0.7678363156045475,,,-0.30843662789110726,0.9,0.14851197187904075,5.170198105173169,0.7684902992438227,0.14851197187904075,True
Test 143,Faults,1,-0.34600052592862834,,1.0599313854700416,,0.7614965024349317,1.0678137238935554,True,,1.0507636068289319,,,-0.2984348830351099,0.9,0.1385034975650683,7.586549259055989,0.7047630809003035,0.1385034975650683,True
Test 144,Faults,1,0.346613573084025,,1.0598736217889277,,0.7397323374732369,0.985784105370483,False,,0.48062898523890124,,,-0.3201412843156909,0.9,0.16026766252676317,2.9989143016211446,0.8272425583229263,0.16026766252676317,True
TOV 1,TOV,1,-7.28694560332562e-05,,1.0600139646048155,,1.1772458197137843,0.826474887492263,False,,-0.3249894571169904,,,0.11723185510896883,1.1,-0.07724581971378419,-4.207210931557988,-0.32506232657302364,-0.07724581971378419,True
TOV 2,TOV,1,-0.34651707754511274,,1.0600135645043731,,1.1731712363343667,1.0092120851309778,True,,-0.34257724054383065,,,0.11315767182999359,1.1,-0.07317123633436662,-4.681856665348308,-0.6890943180889434,-0.07317123633436662,True
TOV 3,TOV,1,0.34651249737564066,,1.0600146556427945,,1.180345623014625,0.766197690103416,False,,-0.321300134727211,,,0.12033096737183047,1.1,-0.08034562301462489,-3.9989749618187216,0.02521236264842967,-0.08034562301462489,True
TOV 4,TOV,1,1.76661936745206e-05,,1.0599978111559876,,1.1757814400097715,0.3304381690658978,False,,-0.3456377268016955,,,0.1157836288537839,1.1,-0.07578144000977138,-4.560981247613247,-0.345620060608021,-0.07578144000977138,True
TOV 5,TOV,1,-0.3458955052759293,,1.0599186552168312,,1.1716334713345469,0.6744383302303472,False,,-0.36306547287966934,,,0.11171481611771572,1.1,-0.07163347133454678,-5.0683774793498415,-0.7089609781555987,-0.07163347133454678,True
TOV 6,TOV,1,0.34650516185668634,,1.0600073378372763,,1.1794071328329883,0.04073683154647271,False,,-0.33463095938165044,,,0.11939979499571196,1.1,-0.07940713283298817,-4.214117138386772,0.011874202475035909,-0.07940713283298817,True
TOV 7,TOV,1,0.0012433642408009528,,1.0598587594693478,,1.176489984596147,0.8281876480000957,False,,-0.3305192839642016,,,0.11663122512679913,1.1,-0.07648998459614686,-4.321079232912426,-0.32927591972340065,-0.07648998459614686,True
TOV 8,TOV,1,-0.3455915216000186,,1.0598829694686425,,1.1729155684411623,1.010711612745149,True,,-0.3410174012001802,,,0.11303259897251983,1.1,-0.0729155684411622,-4.676880513869374,-0.6866089228001988,-0.0729155684411622,True
TOV 9,TOV,1,0.34665397649055657,,1.0598257470790806,,1.180134584695154,0.7623590971027334,False,,-0.31867157396892043,,,0.12030883761607347,1.1,-0.080134584695154,-3.97670462985742,0.027982402521636116,-0.080134584695154,True
TOV 10,TOV,1,0.0004007525738444224,,1.0599542402618023,,1.1764978275863964,0.3199241516264654,False,,-0.3345945712015914,,,0.11654358732459413,1.1,-0.07649782758639634,-4.373909452836443,-0.334193818627747,-0.07649782758639634,True
TOV 11,TOV,1,-0.34640732650443945,,1.0599809370081106,,1.1717142087617587,0.6749248993374632,False,,-0.3626997130076614,,,0.11173327175364811,1.1,-0.0717142087617586,-5.057571146222699,-0.7091070395121009,-0.0717142087617586,True
TOV 12,TOV,1,0.34657646135677234,,1.059974874998916,,1.1793654335537394,0.039048603111764515,False,,-0.3345614214524162,,,0.11939055855482339,1.1,-0.07936543355373926,-4.215455097663906,0.012015039904356156,-0.07936543355373926,True
TOV 13,TOV,1,1.143042843058353e-05,,1.0600044114959852,,1.1642672848163909,0.8208361555856367,False,,-0.2890400165211534,,,0.10426287332040562,1.1,-0.06426728481639077,-4.49746737157062,-0.2890285860927228,-0.06426728481639077,True
TOV 14,TOV,1,-0.34649059504952584,,1.0600725735973386,,1.1583303924043542,0.9881601967416889,False,,-0.29721795668478734,,,0.09825781880701556,1.1,-0.058330392404354114,-5.095421862147481,-0.6437085517343132,-0.058330392404354114,True
TOV 15,TOV,1,0.3459194764048537,,1.0600806011599782,,1.169090051314227,0.77349905070616,False,,-0.2911170304770104,,,0.1090094501542489,1.1,-0.06909005131422696,-4.21358827992452,0.054802445927843356,-0.06909005131422696,True
TOV 16,TOV,1,0.0002874661725181911,,1.059967255346067,,1.1623627780657233,0.2927714386064249,False,,-0.30588928509921076,,,0.10239552271965624,1.1,-0.06236277806572321,-4.904997734014327,-0.3056018189266926,-0.06236277806572321,True
TOV 17,TOV,1,-0.3458274300410285,,1.0599106666811915,,1.1563771681531378,0.6274173477884668,False,,-0.3135090684179415,,,0.09646650147194635,1.1,-0.05637716815313776,-5.56092259842414,-0.65933649845897,-0.05637716815313776,True
TOV 18,TOV,1,0.3466160219494351,,1.0598679836738942,,1.1676825710460592,0.05774790873384885,False,,-0.30228202398479637,,,0.10781458737216498,1.1,-0.06768257104605913,-4.466172299794705,0.044333997964638716,-0.06768257104605913,True
TOV 19,TOV,1,0.00142426705636156,,1.0598382181944694,,1.1632379862529252,0.8217327960939323,False,,-0.29304456779998955,,,0.10339976805845574,1.1,-0.0632379862529251,-4.633995880702711,-0.291620300743628,-0.0632379862529251,True
TOV 20,TOV,1,-0.34483200342986897,,1.0597953503573456,,1.1578326125957472,0.9889561578653434,False,,-0.2956143010967661,,,0.09803726223840159,1.1,-0.057832612595747124,-5.111550176076689,-0.6404463045266351,-0.057832612595747124,True
TOV 21,TOV,1,0.34670833477765434,,1.0596669121808067,,1.168637153368278,0.7699507001806709,False,,-0.2884191137677753,,,0.10897024118747134,1.1,-0.06863715336827791,-4.202084434070866,0.05828922100987904,-0.06863715336827791,True
TOV 22,TOV,1,0.0006530636520733062,,1.059924530922298,,1.1622910439295693,0.29272572969925353,False,,-0.3059610348604619,,,0.10236651300727129,1.1,-0.06229104392956919,-4.911798158438375,-0.3053079712083886,-0.06229104392956919,True
TOV 23,TOV,1,-0.34599879293926067,,1.0599314293583284,,1.1564113417317814,0.62764310004282,False,,-0.31323678234055513,,,0.09647991237345299,1.1,-0.056411341731781306,-5.5527270354585845,-0.6592355752798158,-0.056411341731781306,True
TOV 24,TOV,1,0.34661540783945244,,1.0598737709215245,,1.1676792020136528,0.05654388761466225,False,,-0.30221572217517656,,,0.10780543109212837,1.1,-0.06767920201365274,-4.46541497510877,0.04439968566427587,-0.06767920201365274,True
TOV 25,TOV,1,-7.28694560332562e-05,,1.0600139646048155,,1.2169170615388551,0.8532456473934961,False,,-0.43530917324575563,,,0.1569030969340397,1.1,-0.11691706153885506,-3.7232305321074914,-0.4353820427017889,-0.11691706153885506,True
TOV 26,TOV,1,-0.34651707754511274,,1.0600135645043731,,1.2111390408891483,1.0698495010564995,True,,-0.45843322224715943,,,0.15112547638477514,1.1,-0.11113904088914817,-4.124862141867933,-0.8049502997922722,-0.11113904088914817,True
TOV 27,TOV,1,0.34651249737564066,,1.0600146556427945,,1.2212836903040818,0.749520292274885,False,,-0.4307234960588612,,,0.16126903466128728,1.1,-0.1212836903040817,-3.551371952642222,-0.0842109986832205,-0.1212836903040817,True
TOV 28,TOV,1,1.76661936745206e-05,,1.0599978111559876,,1.214892904411848,0.4400545385521042,False,,-0.4617280006152966,,,0.15489509325586037,1.1,-0.11489290441184785,-4.018768634833839,-0.46171033442162207,-0.11489290441184785,True
TOV 29,TOV,1,-0.3458955052759293,,1.0599186552168312,,1.209048716897292,0.7896584544830252,False,,-0.4846021780923791,,,0.14913006168046095,1.1,-0.10904871689729201,-4.443905365239682,-0.8304976833683084,-0.10904871689729201,True
TOV 30,TOV,1,0.34650516185668634,,1.0600073378372763,,1.2200079379741813,0.10315635514798799,False,,-0.44746743528153865,,,0.16000060013690498,1.1,-0.12000793797418119,-3.7286486447072185,-0.10096227342485231,-0.12000793797418119,True
TOV 31,TOV,1,0.0012433642408009528,,1.0598587594693478,,1.2159097244988362,0.8570496044588193,False,,-0.4425633207988638,,,0.15605096502948834,1.1,-0.11590972449883608,-3.8181724847711793,-0.44131995655806283,-0.11590972449883608,True
TOV 32,TOV,1,-0.3455915216000186,,1.0598829694686425,,1.2108343685871228,1.0720684769130173,True,,-0.4564096104490908,,,0.15095139911848032,1.1,-0.1108343685871227,-4.117942983455754,-0.8020011320491094,-0.1108343685871227,True
TOV 33,TOV,1,0.34665397649055657,,1.0598257470790806,,1.2210331396054863,0.7450249354821045,False,,-0.42771198387991527,,,0.1612073925264057,1.1,-0.12103313960548623,-3.5338419318383756,-0.08105800738935869,-0.12103313960548623,True
TOV 34,TOV,1,0.0004007525738444224,,1.0599542402618023,,1.2148427054315751,0.43986776037584785,False,,-0.46156751812957575,,,0.15488846516977284,1.1,-0.11484270543157504,-4.019127870551468,-0.46116676555573133,-0.11484270543157504,True
TOV 35,TOV,1,-0.34640732650443945,,1.0599809370081106,,1.2091337057014666,0.7901490723053479,False,,-0.48416539001195286,,,0.14915276869335603,1.1,-0.10913370570146652,-4.436442315414262,-0.8305727165163923,-0.10913370570146652,True
TOV 36,TOV,1,0.34657646135677234,,1.059974874998916,,1.2199571689878934,0.10254245478425102,False,,-0.4474549166104703,,,0.15998229398897745,1.1,-0.11995716898789333,-3.730122346048611,-0.10087845525369801,-0.11995716898789333,True
TOV 37,TOV,1,1.143042843058353e-05,,1.0600044114959852,,1.1984731847163193,0.8391306149392929,False,,-0.38403588707299857,,,0.13846877322033402,1.1,-0.09847318471631916,-3.8999031886632527,-0.38402445664456797,-0.09847318471631916,True
TOV 38,TOV,1,-0.34649059504952584,,1.0600725735973386,,1.190125278276486,1.0350498152831729,True,,-0.39409604640017304,,,0.1300527046791473,1.1,-0.09012527827648587,-4.372758164376116,-0.7405866414496989,-0.09012527827648587,True
TOV 39,TOV,1,0.3459194764048537,,1.0600806011599782,,1.2051653516868681,0.7542683149393588,False,,-0.3874198256347048,,,0.14508475052688996,1.1,-0.10516535168686802,-3.6839112827602687,-0.041500349229851054,-0.10516535168686802,True
TOV 40,TOV,1,0.0002874661725181911,,1.059967255346067,,1.1958842806933403,0.3865727510639273,False,,-0.40540294829778106,,,0.13591702534727323,1.1,-0.09588428069334021,-4.228043902152764,-0.4051154821252629,-0.09588428069334021,True
TOV 41,TOV,1,-0.3458274300410285,,1.0599106666811915,,1.1875267679025587,0.7233451944997715,False,,-0.4147294465599744,,,0.12761610122136724,1.1,-0.08752676790255864,-4.738315563322095,-0.7605568766010029,-0.08752676790255864,True
TOV 42,TOV,1,0.3466160219494351,,1.0598679836738942,,1.2033463934621285,0.06476891756692035,False,,-0.401451688615378,,,0.14347840978823423,1.1,-0.10334639346212837,-3.8845253827119888,-0.05483566666594294,-0.10334639346212837,True
TOV 43,TOV,1,0.00142426705636156,,1.0598382181944694,,1.1970982011891023,0.8414000950221382,False,,-0.38912260557745015,,,0.13725998299463282,1.1,-0.09709820118910217,-4.007516110618982,-0.3876983385210886,-0.09709820118910217,True
TOV 44,TOV,1,-0.34483200342986897,,1.0597953503573456,,1.1895468900256334,1.0363103874443234,True,,-0.3919723286982181,,,0.12975153966828779,1.1,-0.08954689002563332,-4.377285783861547,-0.736804332128087,-0.08954689002563332,True
TOV 45,TOV,1,0.34670833477765434,,1.0596669121808067,,1.2046494133042078,0.749949202093076,False,,-0.3842339432585653,,,0.14498250112340116,1.1,-0.10464941330420774,-3.6716301709368118,-0.037525608480910994,-0.10464941330420774,True
TOV 46,TOV,1,0.0006530636520733062,,1.059924530922298,,1.195821183714291,0.3864650358082326,False,,-0.40535354740263424,,,0.13589665279199292,1.1,-0.09582118371429083,-4.230312460043004,-0.40470048375056095,-0.09582118371429083,True
TOV 47,TOV,1,-0.34599879293926067,,1.0599314293583284,,1.187565611896329,0.7235592067718957,False,,-0.4143783206744697,,,0.12763418253800052,1.1,-0.08756561189632883,-4.732203792112625,-0.7603771136137304,-0.08756561189632883,True
TOV 48,TOV,1,0.34661540783945244,,1.0598737709215245,,1.203331838074082,0.06374293206790667,False,,-0.4014275799721529,,,0.1434580671525576,1.1,-0.10333183807408197,-3.8848392465868686,-0.054812172132700454,-0.10333183807408197,True
TOV 49,TOV,1,-7.28694560332562e-05,,1.0600139646048155,,1.2553831148798065,0.8917026818754111,False,,-0.5426359280340793,,,0.19536915027499102,1.1,-0.15538311487980638,-3.4922451416540654,-0.5427087974901126,-0.15538311487980638,True
TOV 50,TOV,1,-0.34651707754511274,,1.0600135645043731,,1.2467265902461786,1.1512679273881727,True,,-0.5840150928933396,,,0.18671302574180548,1.1,-0.1467265902461785,-3.9802948593944465,-0.9305321704384524,-0.1467265902461785,True
TOV 51,TOV,1,0.34651249737564066,,1.0600146556427945,,1.2610871042432135,0.7485144746718413,False,,-0.5374567274342303,,,0.20107244860041895,1.1,-0.16108710424321337,-3.336435464273817,-0.19094423005858965,-0.16108710424321337,True
TOV 52,TOV,1,1.76661936745206e-05,,1.0599978111559876,,1.2527784685993653,0.5464735723876619,False,,-0.5741602253014866,,,0.1927806574433777,1.1,-0.15277846859936517,-3.758122663260367,-0.5741425591078121,-0.15277846859936517,True
TOV 53,TOV,1,-0.3458955052759293,,1.0599186552168312,,1.2451385612052273,0.9008420402796912,False,,-0.6018096090029055,,,0.1852199059883961,1.1,-0.14513856120522717,-4.146448772851906,-0.9477051142788347,-0.14513856120522717,True
TOV 54,TOV,1,0.34650516185668634,,1.0600073378372763,,1.2594732435834173,0.20341349595670366,False,,-0.5571072796175367,,,0.19946590574614098,1.1,-0.1594732435834172,-3.4934216367532858,-0.2106021177608504,-0.1594732435834172,True
TOV 55,TOV,1,0.0012433642408009528,,1.0598587594693478,,1.2541008272692828,0.8979374701116727,False,,-0.5515530456458975,,,0.19424206779993503,1.1,-0.15410082726928276,-3.579169920237279,-0.5503096814050965,-0.15410082726928276,True
TOV 56,TOV,1,-0.3455915216000186,,1.0598829694686425,,1.2472943121699116,1.154940597790979,True,,-0.566252145634537,,,0.18741134270126913,1.1,-0.1472943121699115,-3.8443585315184214,-0.9118436672345556,-0.1472943121699115,True
TOV 57,TOV,1,0.34665397649055657,,1.0598257470790806,,1.2607882715747254,0.7438444769146665,False,,-0.5341657178391283,,,0.20096252449564478,1.1,-0.1607882715747253,-3.322168418178923,-0.1875117413485717,-0.1607882715747253,True
TOV 58,TOV,1,0.0004007525738444224,,1.0599542402618023,,1.2527393011311114,0.546156336771363,False,,-0.5738109923561124,,,0.19278506086930913,1.1,-0.15273930113111134,-3.7567999074681726,-0.573410239782268,-0.15273930113111134,True
TOV 59,TOV,1,-0.34640732650443945,,1.0599809370081106,,1.2452071742634596,0.9015606566943669,False,,-0.6015631361816254,,,0.18522623725534904,1.1,-0.14520717426345953,-4.142792112255882,-0.9479704626860648,-0.14520717426345953,True
TOV 60,TOV,1,0.34657646135677234,,1.059974874998916,,1.2594150834361628,0.20321415722239713,False,,-0.5571171643835414,,,0.19944020843724686,1.1,-0.15941508343616273,-3.4947581645035317,-0.2105407030267691,-0.15941508343616273,True
TOV 61,TOV,1,1.143042843058353e-05,,1.0600044114959852,,1.2310729254409798,0.8660856913816611,False,,-0.4748285560914889,,,0.17106851394499456,1.1,-0.1310729254409797,-3.6226288113581284,-0.4748171256630583,-0.1310729254409797,True
TOV 62,TOV,1,-0.34649059504952584,,1.0600725735973386,,1.2202238846545543,1.0856552597826832,True,,-0.486082469443731,,,0.1601513110572157,1.1,-0.12022388465455425,-4.043143929681011,-0.8325730644932569,-0.12022388465455425,True
TOV 63,TOV,1,0.3459194764048537,,1.0600806011599782,,1.2397038988944473,0.7472554500845607,False,,-0.4799004837198865,,,0.17962329773446917,1.1,-0.13970389889444723,-3.4351259164389787,-0.13398100731503274,-0.13970389889444723,True
TOV 64,TOV,1,0.0002874661725181911,,1.059967255346067,,1.2277984899447194,0.4761170328375651,False,,-0.500115928833067,,,0.16783123459865235,1.1,-0.12779848994471932,-3.9133164175053854,-0.4998284626605488,-0.12779848994471932,True
TOV 65,TOV,1,-0.3458274300410285,,1.0599106666811915,,1.2169857770803405,0.8140775636385976,False,,-0.5104125855995074,,,0.157075110399149,1.1,-0.11698577708034041,-4.363031116585905,-0.8562400156405359,-0.11698577708034041,True
TOV 66,TOV,1,0.3466160219494351,,1.0598679836738942,,1.2374860428226497,0.14708678955329096,False,,-0.49634287715156233,,,0.1776180591487555,1.1,-0.13748604282264965,-3.610132832114607,-0.14972685520212722,-0.13748604282264965,True
TOV 67,TOV,1,0.00142426705636156,,1.0598382181944694,,1.2293327417796038,0.8699513787273758,False,,-0.48092351384757887,,,0.1694945235851344,1.1,-0.12933274177960374,-3.7184977850939083,-0.4794992467912173,-0.12933274177960374,True
TOV 68,TOV,1,-0.34483200342986897,,1.0597953503573456,,1.2195585122402148,1.0873545858583347,True,,-0.4834593671855696,,,0.1597631618828692,1.1,-0.11955851224021474,-4.043705112474234,-0.8282913706154386,-0.11955851224021474,True
TOV 69,TOV,1,0.34670833477765434,,1.0596669121808067,,1.2391114317555585,0.7424917598400805,False,,-0.4763659058173044,,,0.17944451957475183,1.1,-0.1391114317555584,-3.424347660042472,-0.12965757103965012,-0.1391114317555584,True
TOV 70,TOV,1,0.0006530636520733062,,1.059924530922298,,1.2277457712835005,0.4759302622624476,False,,-0.4999310733980429,,,0.1678212403612025,1.1,-0.1277457712835004,-3.9134843241782815,-0.4992780097459696,-0.1277457712835004,True
TOV 71,TOV,1,-0.34599879293926067,,1.0599314293583284,,1.21702231095183,0.8143220986669106,False,,-0.5100443260062899,,,0.1570908815935017,1.1,-0.11702231095183002,-4.358522078890066,-0.8560431189455505,-0.11702231095183002,True
TOV 72,TOV,1,0.34661540783945244,,1.0598737709215245,,1.2374607096792825,0.14676931463847034,False,,-0.4963462398631997,,,0.177586938757758,1.1,-0.13746070967928237,-3.6108226199417577,-0.14973083202374726,-0.13746070967928237,True
TOV 73,TOV,1,-7.28694560332562e-05,,1.0600139646048155,,1.2914508560719897,0.9582557754241727,False,,-0.6607322632928377,,,0.23143689146717428,1.1,-0.19145085607198964,-3.4511846896332927,-0.660805132748871,-0.19145085607198964,True
TOV 74,TOV,1,-0.34651707754511274,,1.0600135645043731,,1.2831366023872792,1.1697936269897642,True,,-0.6769698887095132,,,0.2231230378829061,1.1,-0.18313660238727913,-3.696529693599559,-1.023486966254626,-0.18313660238727913,True
TOV 75,TOV,1,0.34651249737564066,,1.0600146556427945,,1.2997401864679945,0.7619565901022137,False,,-0.6413615909607913,,,0.23972553082519998,1.1,-0.1997401864679944,-3.2109792340839762,-0.29484909358515055,-0.1997401864679944,True
TOV 76,TOV,1,1.76661936745206e-05,,1.0599978111559876,,1.2894278386683522,0.6495217618564398,False,,-0.6829028411951329,,,0.22943002751236463,1.1,-0.1894278386683521,-3.605081734531906,-0.6828851750014584,-0.1894278386683521,True
TOV 77,TOV,1,-0.3458955052759293,,1.0599186552168312,,1.2798855771182038,1.0080635726579044,True,,-0.7148077514769138,,,0.21996692190137268,1.1,-0.17988557711820374,-3.9736801745212174,-1.0607032567528432,-0.17988557711820374,True
TOV 78,TOV,1,0.34650516185668634,,1.0600073378372763,,1.2977846775878852,0.3032363152401487,False,,-0.6635216552655823,,,0.23777733975060888,1.1,-0.1977846775878851,-3.3547677371051567,-0.317016493408896,-0.1977846775878851,True
TOV 79,TOV,1,0.0012433642408009528,,1.0598587594693478,,1.291079144014636,0.9658524033509046,False,,-0.6530760577439881,,,0.23122038454528826,1.1,-0.191079144014636,-3.417830141074762,-0.6518326935031872,-0.191079144014636,True
TOV 80,TOV,1,-0.3455915216000186,,1.0598829694686425,,1.2837584032732914,1.1868440459739604,True,,-0.6691249366212119,,,0.22387543380464892,1.1,-0.1837584032732913,-3.6413297280672827,-1.0147164582212305,-0.1837584032732913,True
TOV 81,TOV,1,0.34665397649055657,,1.0598257470790806,,1.2993847292409484,0.7575061762043636,False,,-0.6378918565493084,,,0.23955898216186777,1.1,-0.1993847292409483,-3.199301465953504,-0.29123788005875184,-0.1993847292409483,True
TOV 82,TOV,1,0.0004007525738444224,,1.0599542402618023,,1.2894014659257138,0.6490786181771661,False,,-0.6823742947968349,,,0.2294472256639115,1.1,-0.18940146592571372,-3.6027931012132344,-0.6819735422229904,-0.18940146592571372,True
TOV 83,TOV,1,-0.34640732650443945,,1.0599809370081106,,1.2799398072166848,1.0089631710791793,True,,-0.7146906602283125,,,0.2199588702085742,1.1,-0.17993980721668468,-3.971831865795418,-1.061097986732752,-0.17993980721668468,True
TOV 84,TOV,1,0.34657646135677234,,1.059974874998916,,1.2977182291985974,0.30323803062159477,False,,-0.6635706697232768,,,0.2377433541996814,1.1,-0.19771822919859727,-3.3561430952163542,-0.31699420836650455,-0.19771822919859727,True
TOV 85,TOV,1,1.143042843058353e-05,,1.0600044114959852,,1.2620867626345256,0.8995665401606411,False,,-0.561424029174173,,,0.20208235113854034,1.1,-0.16208676263452548,-3.463725353316337,-0.5614125987457425,-0.16208676263452548,True
TOV 86,TOV,1,-0.34649059504952584,,1.0600725735973386,,1.2469502000374775,1.150680320736821,True,,-0.584218576759021,,,0.18687762644013883,1.1,-0.14695020003747739,-3.9756228750285816,-0.9307091718085468,-0.14695020003747739,True
TOV 87,TOV,1,0.3459194764048537,,1.0600806011599782,,1.2727161931595796,0.7512366436020318,False,,-0.5685294835694186,,,0.21263559199960147,1.1,-0.17271619315957953,-3.2916976293249527,-0.22261000716456492,-0.17271619315957953,True
TOV 88,TOV,1,0.0002874661725181911,,1.059967255346067,,1.2581251420933464,0.5613420279382714,False,,-0.5901257873169143,,,0.1981578867472793,1.1,-0.15812514209334627,-3.7320174357126867,-0.5898383211443962,-0.15812514209334627,True
TOV 89,TOV,1,-0.3458274300410285,,1.0599106666811915,,1.2447814542050075,0.8997976696388235,False,,-0.6007748154684516,,,0.18487078752381603,1.1,-0.14478145420500743,-4.14952881062907,-0.94660224550948,-0.14478145420500743,True
TOV 90,TOV,1,0.3466160219494351,,1.0598679836738942,,1.2701136276356133,0.231228840278217,False,,-0.5869850577252184,,,0.21024564396171908,1.1,-0.17011362763561322,-3.4505469425562545,-0.24036903577578328,-0.17011362763561322,True
TOV 91,TOV,1,0.00142426705636156,,1.0598382181944694,,1.2599657366542176,0.9051304560700556,False,,-0.5683901426204709,,,0.2001275184597482,1.1,-0.15996573665421754,-3.553199294478323,-0.5669658755641094,-0.15996573665421754,True
TOV 92,TOV,1,-0.34483200342986897,,1.0597953503573456,,1.247586467340958,1.155109193180163,True,,-0.5673800538224762,,,0.1877911169836124,1.1,-0.14758646734095793,-3.844390776775629,-0.9122120572523452,-0.14758646734095793,True
TOV 93,TOV,1,0.34670833477765434,,1.0596669121808067,,1.272040929388603,0.7462950371053251,False,,-0.5646545155700237,,,0.21237401720779636,1.1,-0.17204092938860294,-3.2820940782910575,-0.21794618079236933,-0.17204092938860294,True
TOV 94,TOV,1,0.0006530636520733062,,1.059924530922298,,1.258086383813655,0.5610757130657504,False,,-0.5898124190365965,,,0.1981618528913569,1.1,-0.1580863838136548,-3.7309501603366497,-0.5891593553845232,-0.1580863838136548,True
TOV 95,TOV,1,-0.34599879293926067,,1.0599314293583284,,1.2448298171376766,0.899974345777115,False,,-0.6002921981209588,,,0.1848983877793482,1.1,-0.1448298171376765,-4.144810854454892,-0.9462909910602195,-0.1448298171376765,True
TOV 96,TOV,1,0.34661540783945244,,1.0598737709215245,,1.2700755073297139,0.23115207584557879,False,,-0.5870090273051478,,,0.2102017364081894,1.1,-0.17007550732971377,-3.451461274592311,-0.24039361946569535,-0.17007550732971377,True
